date,season,league,home_team,away_team,home_goals,away_goals,result,home_odds,draw_odds,away_odds,closing_home_odds,closing_draw_odds,closing_away_odds,closing_avg_home,closing_avg_draw,closing_avg_away,home_shots,away_shots,home_shots_target,away_shots_target,home_xg,away_xg,dt
2022-08-05,2223,EPL,Crystal Palace,Arsenal,0,2,away,4.6,3.78,1.95,4.5,3.65,1.89,4.56,3.57,1.85,10,10,2,2,1.45,1.27,2022-08-05
2022-08-06,2223,EPL,Fulham,Liverpool,2,2,draw,13.0,6.4,1.31,11.2,6.22,1.28,10.33,6.2,1.28,9,11,3,4,1.45,1.27,2022-08-06
2022-08-06,2223,EPL,Bournemouth,Aston Villa,2,0,home,4.0,3.66,2.1,3.93,3.58,2.04,3.99,3.49,2.0,7,15,3,2,1.45,1.27,2022-08-06
2022-08-06,2223,EPL,Leeds,Wolverhampton Wanderers,2,1,home,2.42,3.54,3.3,2.39,3.33,3.3,2.43,3.36,3.02,12,15,4,6,1.45,1.27,2022-08-06
2022-08-06,2223,EPL,Newcastle United,Nottingham Forest,2,0,home,1.72,3.96,6.0,1.71,3.74,5.83,1.59,4.07,6.15,23,5,10,3,1.45,1.27,2022-08-06
2022-08-06,2223,EPL,Tottenham,Southampton,4,1,home,1.4,5.5,9.2,1.37,5.39,9.11,1.37,5.24,8.59,18,10,8,2,1.45,1.27,2022-08-06
2022-08-06,2223,EPL,Everton,Chelsea,0,1,away,6.1,4.2,1.67,6.04,4.06,1.63,6.44,4.04,1.57,8,15,4,6,1.45,1.27,2022-08-06
2022-08-07,2223,EPL,Leicester City,Brentford,2,2,draw,2.1,3.84,3.8,2.07,3.69,3.74,1.92,3.66,4.08,14,8,5,3,1.45,1.27,2022-08-07
2022-08-07,2223,EPL,Manchester United,Brighton,1,2,away,1.66,4.22,6.12,1.65,4.14,5.68,1.78,3.77,4.73,17,15,5,4,1.45,1.27,2022-08-07
2022-08-07,2223,EPL,West Ham United,Manchester City,0,2,away,9.6,5.6,1.41,8.58,5.48,1.38,7.9,5.27,1.39,6,14,1,2,1.45,1.27,2022-08-07
2022-08-13,2223,EPL,Aston Villa,Everton,2,1,home,1.85,3.68,5.12,1.83,3.55,5.12,1.78,3.62,4.95,12,15,4,4,1.45,1.27,2022-08-13
2022-08-13,2223,EPL,Arsenal,Leicester City,4,2,home,1.6,4.65,6.42,1.58,4.34,6.22,1.57,4.4,5.89,19,6,7,2,1.45,1.27,2022-08-13
2022-08-13,2223,EPL,Brentford,Manchester United,4,0,home,4.04,3.65,2.08,3.82,3.64,2.06,4.35,3.86,1.83,13,15,7,4,1.45,1.27,2022-08-13
2022-08-13,2223,EPL,Brighton,Newcastle United,0,0,draw,2.54,3.46,3.27,2.48,3.24,3.22,2.44,3.28,3.1,13,4,7,1,1.45,1.27,2022-08-13
2022-08-13,2223,EPL,Southampton,Leeds,2,2,draw,2.4,3.64,3.2,2.34,3.55,3.18,2.44,3.57,2.87,14,13,4,5,1.45,1.27,2022-08-13
2022-08-13,2223,EPL,Wolverhampton Wanderers,Fulham,0,0,draw,2.48,3.46,3.29,2.44,3.24,3.29,2.22,3.41,3.41,7,9,1,3,1.45,1.27,2022-08-13
2022-08-13,2223,EPL,Manchester City,Bournemouth,4,0,home,1.09,16.0,50.0,1.07,13.82,41.0,1.08,12.66,32.0,19,3,7,1,1.45,1.27,2022-08-13
2022-08-14,2223,EPL,Nottingham Forest,West Ham United,1,0,home,4.4,3.75,1.94,4.28,3.72,1.92,4.01,3.62,1.95,13,19,6,5,1.45,1.27,2022-08-14
2022-08-14,2223,EPL,Chelsea,Tottenham,2,2,draw,2.38,3.55,3.36,2.28,3.52,3.35,2.16,3.49,3.48,16,10,3,5,1.45,1.27,2022-08-14
2022-08-15,2223,EPL,Liverpool,Crystal Palace,1,1,draw,1.23,7.23,19.0,1.2,7.09,18.57,1.27,6.1,11.72,24,7,4,3,1.45,1.27,2022-08-15
2022-08-20,2223,EPL,Everton,Nottingham Forest,1,1,draw,2.02,3.64,4.3,2.0,3.45,4.27,1.91,3.52,4.33,19,14,8,5,1.45,1.27,2022-08-20
2022-08-20,2223,EPL,Tottenham,Wolverhampton Wanderers,1,0,home,1.44,5.14,8.5,1.43,4.94,7.95,1.45,4.8,7.17,11,20,4,3,1.45,1.27,2022-08-20
2022-08-20,2223,EPL,Crystal Palace,Aston Villa,3,1,home,2.6,3.35,3.16,2.58,3.19,3.12,2.5,3.22,3.06,17,13,9,5,1.45,1.27,2022-08-20
2022-08-20,2223,EPL,Leicester City,Southampton,1,2,away,1.88,4.1,4.2,1.86,4.09,4.12,1.77,4.1,4.38,6,9,1,3,1.45,1.27,2022-08-20
2022-08-20,2223,EPL,Bournemouth,Arsenal,0,3,away,8.01,4.9,1.47,7.55,4.8,1.46,7.54,4.72,1.44,6,14,1,6,1.45,1.27,2022-08-20
2022-08-20,2223,EPL,Fulham,Brentford,3,2,home,2.62,3.54,3.04,2.52,3.53,2.93,2.67,3.38,2.73,18,13,9,5,1.45,1.27,2022-08-20
2022-08-21,2223,EPL,Leeds,Chelsea,3,0,home,6.23,4.6,1.6,6.23,4.6,1.54,6.03,4.58,1.53,12,14,6,3,1.45,1.27,2022-08-21
2022-08-21,2223,EPL,West Ham United,Brighton,0,2,away,2.42,3.52,3.29,2.34,3.52,3.22,2.52,3.37,2.91,13,11,3,2,1.45,1.27,2022-08-21
2022-08-21,2223,EPL,Newcastle United,Manchester City,3,3,draw,9.5,5.35,1.41,9.43,5.22,1.37,6.94,4.92,1.45,12,21,6,10,1.45,1.27,2022-08-21
2022-08-22,2223,EPL,Manchester United,Liverpool,2,1,home,5.6,4.7,1.65,5.39,4.35,1.64,4.59,4.37,1.7,12,17,4,5,1.45,1.27,2022-08-22
2022-08-27,2223,EPL,Southampton,Manchester United,0,1,away,4.5,4.35,1.85,4.31,4.0,1.85,3.68,3.93,1.96,17,11,5,6,2.0,1.67,2022-08-27
2022-08-27,2223,EPL,Brighton,Leeds,1,0,home,1.96,3.85,4.24,1.93,3.72,4.24,1.75,3.9,4.8,13,10,4,2,1.17,1.33,2022-08-27
2022-08-27,2223,EPL,Liverpool,Bournemouth,9,0,home,1.14,11.0,34.0,1.13,10.48,23.11,1.15,8.99,18.65,19,5,12,2,1.83,1.17,2022-08-27
2022-08-27,2223,EPL,Brentford,Everton,1,1,draw,2.16,3.58,3.92,2.1,3.49,3.84,2.1,3.44,3.72,19,14,5,7,2.0,1.17,2022-08-27
2022-08-27,2223,EPL,Arsenal,Fulham,2,1,home,1.36,6.1,10.0,1.33,5.83,9.75,1.39,5.32,7.66,22,11,8,3,2.17,1.17,2022-08-27
2022-08-27,2223,EPL,Manchester City,Crystal Palace,4,2,home,1.22,8.2,18.0,1.2,7.5,16.26,1.2,7.51,15.24,18,2,5,2,2.17,1.17,2022-08-27
2022-08-27,2223,EPL,Chelsea,Leicester City,2,1,home,1.46,5.2,8.2,1.45,4.86,7.66,1.41,5.06,7.7,7,17,3,5,1.83,1.67,2022-08-27
2022-08-28,2223,EPL,Aston Villa,West Ham United,0,1,away,2.41,3.6,3.3,2.41,3.41,3.18,2.12,3.45,3.66,9,7,3,2,1.33,1.0,2022-08-28
2022-08-28,2223,EPL,Wolverhampton Wanderers,Newcastle United,1,1,draw,2.86,3.46,2.79,2.76,3.32,2.79,2.56,3.3,2.92,10,21,4,6,0.67,1.33,2022-08-28
2022-08-28,2223,EPL,Nottingham Forest,Tottenham,0,2,away,7.5,4.8,1.51,7.15,4.63,1.49,6.89,4.77,1.46,17,18,1,7,0.83,1.67,2022-08-28
2022-08-30,2223,EPL,Southampton,Chelsea,2,1,home,5.5,4.3,1.69,5.28,4.24,1.67,5.18,4.1,1.67,9,10,7,4,1.38,1.62,2022-08-30
2022-08-30,2223,EPL,Leeds,Everton,1,1,draw,2.18,3.72,3.58,2.16,3.61,3.53,2.12,3.6,3.47,14,7,5,2,1.5,0.88,2022-08-30
2022-08-30,2223,EPL,Crystal Palace,Brentford,1,1,draw,2.16,3.58,3.9,2.11,3.47,3.83,2.09,3.47,3.69,13,9,4,3,1.5,2.12,2022-08-30
2022-08-30,2223,EPL,Fulham,Brighton,2,1,home,3.44,3.45,2.4,3.26,3.44,2.36,3.34,3.26,2.32,10,7,3,4,0.88,1.38,2022-08-30
2022-08-31,2223,EPL,Arsenal,Aston Villa,2,1,home,1.5,4.8,7.5,1.5,4.67,6.97,1.54,4.46,6.08,22,4,9,3,2.25,0.75,2022-08-31
2022-08-31,2223,EPL,Bournemouth,Wolverhampton Wanderers,0,0,draw,3.67,3.54,2.24,3.52,3.43,2.24,3.3,3.26,2.34,5,17,2,4,0.75,2.25,2022-08-31
2022-08-31,2223,EPL,Manchester City,Nottingham Forest,6,0,home,1.1,14.5,43.0,1.08,13.43,31.06,1.09,11.93,27.15,17,8,9,1,2.25,0.88,2022-08-31
2022-08-31,2223,EPL,West Ham United,Tottenham,1,1,draw,3.8,3.9,2.08,3.67,3.84,2.04,3.31,3.56,2.2,14,13,4,4,0.5,1.75,2022-08-31
2022-08-31,2223,EPL,Liverpool,Newcastle United,2,1,home,1.34,6.25,11.0,1.33,5.89,9.75,1.29,6.22,10.29,23,5,6,2,2.12,1.38,2022-08-31
2022-09-01,2223,EPL,Leicester City,Manchester United,0,1,away,3.54,4.0,2.14,3.45,3.86,2.11,3.24,3.75,2.16,10,9,2,2,1.62,1.75,2022-09-01
2022-09-03,2223,EPL,Wolverhampton Wanderers,Southampton,1,0,home,2.32,3.54,3.45,2.3,3.41,3.41,2.16,3.46,3.49,7,12,2,1,1.1,1.1,2022-09-03
2022-09-03,2223,EPL,Chelsea,West Ham United,2,1,home,1.59,4.58,6.4,1.58,4.37,6.17,1.67,4.02,5.33,8,6,3,3,1.2,1.0,2022-09-03
2022-09-03,2223,EPL,Nottingham Forest,Bournemouth,2,3,away,2.06,3.56,4.0,2.05,3.51,4.0,2.2,3.35,3.53,11,8,3,3,1.8,1.3,2022-09-03
2022-09-03,2223,EPL,Newcastle United,Crystal Palace,0,0,draw,2.12,3.6,4.0,2.1,3.44,3.89,2.09,3.42,3.75,23,19,6,9,1.6,1.3,2022-09-03
2022-09-03,2223,EPL,Brentford,Leeds,5,2,home,2.25,3.75,3.45,2.21,3.59,3.44,2.15,3.57,3.42,14,17,8,6,1.5,1.5,2022-09-03
2022-09-03,2223,EPL,Tottenham,Fulham,2,1,home,1.53,4.8,7.04,1.52,4.63,6.51,1.52,4.57,6.2,23,9,10,3,1.7,1.2,2022-09-03
2022-09-03,2223,EPL,Aston Villa,Manchester City,1,1,draw,9.9,6.0,1.38,9.25,5.98,1.33,9.02,5.8,1.33,3,13,1,4,0.9,2.8,2022-09-03
2022-09-03,2223,EPL,Everton,Liverpool,0,0,draw,8.5,5.39,1.44,8.08,5.21,1.41,7.63,5.19,1.4,14,23,3,8,1.0,2.1,2022-09-03
2022-09-04,2223,EPL,Brighton,Leicester City,5,2,home,1.92,3.77,4.85,1.85,3.63,4.85,1.91,3.58,4.26,23,6,11,4,1.7,0.9,2022-09-04
2022-09-04,2223,EPL,Manchester United,Arsenal,3,1,home,2.7,3.74,2.78,2.7,3.58,2.68,2.66,3.49,2.67,10,16,6,3,0.9,2.0,2022-09-04
2022-09-16,2223,EPL,Aston Villa,Southampton,1,0,home,2.18,3.72,3.62,2.14,3.62,3.6,2.08,3.55,3.63,11,7,3,1,1.25,1.42,2022-09-16
2022-09-16,2223,EPL,Nottingham Forest,Fulham,2,3,away,2.92,3.54,2.68,2.82,3.43,2.67,2.8,3.39,2.58,11,15,3,7,1.08,1.92,2022-09-16
2022-09-17,2223,EPL,Wolverhampton Wanderers,Manchester City,0,3,away,10.0,5.9,1.37,9.3,5.52,1.36,9.09,5.53,1.34,6,16,1,7,0.75,2.0,2022-09-17
2022-09-17,2223,EPL,Newcastle United,Bournemouth,1,1,draw,1.5,4.7,7.77,1.49,4.56,7.5,1.42,4.82,7.89,20,10,7,3,2.08,0.92,2022-09-17
2022-09-17,2223,EPL,Tottenham,Leicester City,6,2,home,1.54,5.0,7.1,1.52,4.46,7.04,1.52,4.57,6.26,16,19,11,7,2.33,1.08,2022-09-17
2022-09-18,2223,EPL,Brentford,Arsenal,0,3,away,4.5,4.05,1.86,4.46,3.98,1.83,4.48,3.89,1.8,5,13,2,7,1.83,1.92,2022-09-18
2022-09-18,2223,EPL,Everton,West Ham United,1,0,home,3.05,3.45,2.58,2.96,3.39,2.57,2.92,3.3,2.54,7,14,2,4,1.0,0.75,2022-09-18
2022-10-01,2223,EPL,Bournemouth,Brentford,0,0,draw,3.5,3.56,2.28,3.45,3.49,2.25,3.18,3.49,2.27,7,13,1,4,1.29,2.43,2022-10-01
2022-10-01,2223,EPL,Arsenal,Tottenham,3,1,home,2.15,3.85,3.65,2.13,3.65,3.57,1.99,3.71,3.75,22,7,9,3,1.71,1.79,2022-10-01
2022-10-01,2223,EPL,Fulham,Newcastle United,1,4,away,3.15,3.68,2.42,3.11,3.57,2.38,2.91,3.42,2.48,3,19,1,10,1.36,1.36,2022-10-01
2022-10-01,2223,EPL,Liverpool,Brighton,3,3,draw,1.41,5.5,8.9,1.38,5.49,8.42,1.47,4.77,6.72,15,6,7,6,1.67,1.42,2022-10-01
2022-10-01,2223,EPL,Crystal Palace,Chelsea,1,2,away,4.6,3.7,1.95,4.42,3.56,1.93,4.82,3.74,1.77,7,13,3,3,1.33,1.42,2022-10-01
2022-10-01,2223,EPL,West Ham United,Wolverhampton Wanderers,2,0,home,2.02,3.65,4.31,2.01,3.42,4.31,2.05,3.37,3.95,18,15,5,4,0.71,0.86,2022-10-01
2022-10-01,2223,EPL,Southampton,Everton,1,2,away,2.28,3.52,3.55,2.23,3.48,3.49,2.33,3.3,3.24,22,12,6,5,0.93,1.14,2022-10-01
2022-10-02,2223,EPL,Manchester City,Manchester United,6,3,home,1.4,6.0,9.4,1.37,5.91,7.74,1.44,5.31,6.61,22,12,10,8,2.31,1.1,2022-10-02
2022-10-02,2223,EPL,Leeds,Aston Villa,0,0,draw,2.48,3.66,3.12,2.43,3.44,3.12,2.41,3.42,3.02,9,19,1,7,1.55,1.26,2022-10-02
2022-10-03,2223,EPL,Leicester City,Nottingham Forest,4,0,home,1.8,4.2,4.51,1.78,4.2,4.48,1.72,4.07,4.74,17,10,7,3,1.93,2.0,2022-10-03
2022-10-08,2223,EPL,Bournemouth,Leicester City,2,1,home,3.65,3.85,2.16,3.64,3.7,2.09,3.29,3.53,2.21,10,9,4,5,1.75,2.06,2022-10-08
2022-10-08,2223,EPL,Chelsea,Wolverhampton Wanderers,3,0,home,1.44,5.0,9.2,1.41,4.92,8.68,1.51,4.32,6.88,20,8,7,2,1.28,0.9,2022-10-08
2022-10-08,2223,EPL,Manchester City,Southampton,4,0,home,1.14,11.0,27.0,1.13,10.77,20.4,1.12,10.26,20.84,21,5,8,3,2.62,1.06,2022-10-08
2022-10-08,2223,EPL,Newcastle United,Brentford,5,1,home,1.88,4.08,4.6,1.81,3.99,4.55,1.68,4.0,5.11,16,6,6,3,1.5,1.44,2022-10-08
2022-10-08,2223,EPL,Brighton,Tottenham,0,1,away,2.83,3.66,2.68,2.82,3.45,2.65,2.58,3.32,2.86,14,8,4,3,1.62,1.76,2022-10-08
2022-10-09,2223,EPL,Crystal Palace,Leeds,2,1,home,2.17,3.85,3.77,2.06,3.68,3.76,2.07,3.58,3.61,13,10,5,4,1.29,1.5,2022-10-09
2022-10-09,2223,EPL,West Ham United,Fulham,3,1,home,1.84,4.05,4.82,1.79,3.9,4.82,1.64,4.03,5.54,17,8,8,2,1.25,1.38,2022-10-09
2022-10-09,2223,EPL,Arsenal,Liverpool,3,2,home,2.69,3.96,2.7,2.67,3.69,2.66,2.53,3.75,2.67,11,8,7,3,1.89,1.79,2022-10-09
2022-10-09,2223,EPL,Everton,Manchester United,1,2,away,3.71,3.8,2.15,3.62,3.67,2.11,3.59,3.59,2.08,11,12,2,4,1.44,1.22,2022-10-09
2022-10-10,2223,EPL,Nottingham Forest,Aston Villa,1,1,draw,3.48,3.65,2.25,3.4,3.6,2.22,3.77,3.6,2.02,6,12,3,2,1.0,1.69,2022-10-10
2022-10-14,2223,EPL,Brentford,Brighton,2,0,home,3.33,3.52,2.38,3.32,3.52,2.29,3.23,3.46,2.27,7,21,3,7,1.45,1.82,2022-10-14
2022-10-15,2223,EPL,Leicester City,Crystal Palace,0,0,draw,2.44,3.68,3.21,2.38,3.55,3.12,2.4,3.47,2.99,14,8,5,1,1.58,1.96,2022-10-15
2022-10-15,2223,EPL,Fulham,Bournemouth,2,2,draw,1.96,3.9,4.3,1.92,3.77,4.23,1.96,3.6,3.94,19,10,4,6,1.89,1.44,2022-10-15
2022-10-15,2223,EPL,Wolverhampton Wanderers,Nottingham Forest,1,0,home,1.78,3.9,5.5,1.74,3.78,5.41,1.73,3.81,5.02,9,10,2,2,1.39,1.06,2022-10-15
2022-10-15,2223,EPL,Tottenham,Everton,2,0,home,1.52,4.75,7.26,1.48,4.67,7.26,1.47,4.68,6.9,21,4,7,3,1.61,1.0,2022-10-15
2022-10-16,2223,EPL,Aston Villa,Chelsea,0,2,away,4.78,3.84,1.87,4.78,3.65,1.85,3.98,3.48,2.0,18,8,7,4,1.01,1.42,2022-10-16
2022-10-16,2223,EPL,Liverpool,Manchester City,1,0,home,4.1,4.33,1.95,4.0,4.11,1.88,3.8,4.11,1.88,13,16,2,6,1.75,2.58,2022-10-16
2022-10-16,2223,EPL,Leeds,Arsenal,0,1,away,6.3,4.6,1.6,6.23,4.49,1.56,5.11,4.27,1.64,16,9,4,4,1.24,2.03,2022-10-16
2022-10-16,2223,EPL,Southampton,West Ham United,1,1,draw,3.08,3.6,2.5,3.08,3.42,2.47,2.97,3.36,2.47,10,25,8,4,1.0,1.39,2022-10-16
2022-10-16,2223,EPL,Manchester United,Newcastle United,0,0,draw,2.04,4.0,3.84,2.04,3.71,3.8,2.08,3.68,3.52,15,9,2,2,1.31,1.88,2022-10-16
2022-10-18,2223,EPL,Brighton,Nottingham Forest,0,0,draw,1.45,5.2,9.0,1.39,5.17,8.97,1.39,4.99,8.28,19,3,7,3,1.93,0.96,2022-10-18
2022-10-18,2223,EPL,Crystal Palace,Wolverhampton Wanderers,2,1,home,2.34,3.38,3.61,2.32,3.21,3.58,2.11,3.3,3.81,14,10,4,4,1.16,0.87,2022-10-18
2022-10-19,2223,EPL,Bournemouth,Southampton,0,1,away,2.8,3.42,2.78,2.76,3.4,2.74,2.68,3.24,2.79,15,9,3,3,1.4,1.55,2022-10-19
2022-10-19,2223,EPL,Brentford,Chelsea,0,0,draw,5.44,4.28,1.8,4.85,3.93,1.78,4.39,3.71,1.84,8,14,5,5,1.46,1.68,2022-10-19
2022-10-19,2223,EPL,Liverpool,West Ham United,1,0,home,1.48,5.25,8.2,1.45,5.1,7.08,1.43,5.02,7.22,22,8,7,3,1.72,1.12,2022-10-19
2022-10-19,2223,EPL,Newcastle United,Everton,1,0,home,1.69,4.3,6.0,1.65,4.06,5.81,1.67,3.93,5.37,16,1,4,3,1.4,0.85,2022-10-19
2022-10-19,2223,EPL,Manchester United,Tottenham,2,0,home,2.56,3.75,2.99,2.49,3.59,2.93,2.37,3.5,3.02,28,9,10,2,1.22,1.93,2022-10-19
2022-10-20,2223,EPL,Fulham,Aston Villa,3,0,home,3.0,3.58,2.59,2.94,3.47,2.54,2.97,3.42,2.44,18,12,8,6,1.45,1.35,2022-10-20
2022-10-20,2223,EPL,Leicester City,Leeds,2,0,home,2.4,3.7,3.12,2.36,3.65,3.08,2.3,3.56,3.08,5,14,1,2,1.47,1.81,2022-10-20
2022-10-22,2223,EPL,Nottingham Forest,Liverpool,1,0,home,12.0,6.73,1.3,11.14,5.8,1.3,8.89,5.44,1.35,10,15,7,7,0.92,2.15,2022-10-22
2022-10-22,2223,EPL,Everton,Crystal Palace,3,0,home,2.69,3.25,3.05,2.69,3.19,2.97,2.52,3.15,3.05,9,9,6,2,1.01,1.15,2022-10-22
2022-10-22,2223,EPL,Manchester City,Brighton,3,1,home,1.23,7.25,17.0,1.21,7.21,15.39,1.23,6.72,13.0,10,8,4,2,2.2,1.2,2022-10-22
2022-10-22,2223,EPL,Chelsea,Manchester United,1,1,draw,2.2,3.68,3.7,2.15,3.54,3.64,2.14,3.57,3.45,6,13,2,6,1.5,1.25,2022-10-22
2022-10-23,2223,EPL,Aston Villa,Brentford,4,0,home,2.23,3.61,3.6,2.23,3.46,3.51,2.07,3.5,3.68,19,12,11,3,1.09,1.55,2022-10-23
2022-10-23,2223,EPL,Leeds,Fulham,2,3,away,2.12,3.75,3.77,2.06,3.69,3.75,2.09,3.74,3.43,14,11,5,5,1.46,1.61,2022-10-23
2022-10-23,2223,EPL,Southampton,Arsenal,1,1,draw,6.3,4.5,1.6,6.2,4.31,1.58,6.83,4.65,1.48,10,12,3,3,0.95,2.02,2022-10-23
2022-10-23,2223,EPL,Wolverhampton Wanderers,Leicester City,0,4,away,2.38,3.5,3.46,2.3,3.35,3.46,2.36,3.35,3.15,21,5,5,4,1.32,1.41,2022-10-23
2022-10-23,2223,EPL,Tottenham,Newcastle United,1,2,away,2.18,3.76,3.72,2.12,3.62,3.63,2.23,3.46,3.32,17,13,5,5,1.41,1.36,2022-10-23
2022-10-24,2223,EPL,West Ham United,Bournemouth,2,0,home,1.59,4.49,6.6,1.59,4.12,6.53,1.61,4.02,5.89,20,5,4,3,1.45,1.0,2022-10-24
2022-10-29,2223,EPL,Brighton,Chelsea,4,1,home,3.17,3.44,2.52,3.17,3.43,2.41,3.09,3.37,2.39,19,15,9,7,1.18,1.36,2022-10-29
2022-10-29,2223,EPL,Leicester City,Manchester City,0,1,away,10.5,6.5,1.33,9.62,5.93,1.32,7.54,5.09,1.41,10,15,5,5,1.38,2.64,2022-10-29
2022-10-29,2223,EPL,Bournemouth,Tottenham,2,3,away,5.46,4.01,1.75,5.41,3.85,1.72,5.03,3.75,1.75,6,23,4,7,1.0,2.0,2022-10-29
2022-10-29,2223,EPL,Brentford,Wolverhampton Wanderers,1,1,draw,2.28,3.55,3.45,2.24,3.5,3.44,2.17,3.46,3.41,12,14,3,4,1.5,1.08,2022-10-29
2022-10-29,2223,EPL,Newcastle United,Aston Villa,4,0,home,1.88,3.82,4.6,1.83,3.82,4.6,1.77,3.83,4.67,20,3,7,3,1.5,0.88,2022-10-29
2022-10-29,2223,EPL,Fulham,Everton,0,0,draw,2.42,3.62,3.2,2.39,3.46,3.18,2.29,3.44,3.22,24,9,6,4,1.42,1.38,2022-10-29
2022-10-29,2223,EPL,Liverpool,Leeds,1,2,away,1.34,6.4,10.0,1.32,5.98,9.43,1.23,7.06,11.72,22,14,10,6,1.82,1.18,2022-10-29
2022-10-29,2223,EPL,Crystal Palace,Southampton,1,0,home,2.0,3.65,4.22,1.96,3.62,4.22,2.09,3.42,3.76,12,14,3,4,1.34,1.19,2022-10-29
2022-10-30,2223,EPL,Arsenal,Nottingham Forest,5,0,home,1.24,7.5,17.0,1.2,7.4,16.85,1.22,6.73,13.37,24,5,10,2,2.09,0.83,2022-10-30
2022-10-30,2223,EPL,Manchester United,West Ham United,1,0,home,1.77,4.2,5.14,1.71,4.05,5.14,1.72,3.91,5.0,16,13,3,5,1.23,1.19,2022-10-30
2022-11-05,2223,EPL,Leeds,Bournemouth,4,3,home,1.77,4.12,5.1,1.74,3.99,5.08,1.64,4.13,5.32,18,9,4,6,1.7,1.25,2022-11-05
2022-11-05,2223,EPL,Manchester City,Fulham,2,1,home,1.16,11.0,23.0,1.13,10.33,22.62,1.18,8.14,15.13,16,4,5,2,2.39,1.3,2022-11-05
2022-11-05,2223,EPL,Nottingham Forest,Brentford,2,2,draw,2.86,3.54,2.72,2.83,3.43,2.66,2.64,3.21,2.87,15,6,7,2,1.15,1.81,2022-11-05
2022-11-05,2223,EPL,Wolverhampton Wanderers,Brighton,2,3,away,3.55,3.54,2.34,3.49,3.33,2.3,3.6,3.3,2.18,8,19,5,8,0.86,1.52,2022-11-05
2022-11-05,2223,EPL,Everton,Leicester City,0,2,away,2.5,3.5,3.15,2.48,3.36,3.12,2.52,3.34,2.91,12,22,2,8,1.38,1.27,2022-11-05
2022-11-06,2223,EPL,Southampton,Newcastle United,1,4,away,4.2,3.84,1.96,4.22,3.71,1.93,4.38,3.73,1.84,16,7,5,4,0.81,1.69,2022-11-06
2022-11-06,2223,EPL,West Ham United,Crystal Palace,1,2,away,1.98,3.66,4.35,1.95,3.56,4.34,1.88,3.54,4.41,5,15,2,6,1.09,1.04,2022-11-06
2022-11-06,2223,EPL,Chelsea,Arsenal,0,1,away,2.72,3.54,2.85,2.72,3.5,2.71,2.74,3.39,2.64,5,14,1,2,1.17,1.88,2022-11-06
2022-11-06,2223,EPL,Aston Villa,Manchester United,3,1,home,3.61,3.68,2.24,3.38,3.63,2.22,3.18,3.5,2.28,6,8,4,3,1.09,1.48,2022-11-06
2022-11-06,2223,EPL,Tottenham,Liverpool,1,2,away,3.48,3.8,2.25,3.33,3.76,2.19,3.52,3.77,2.04,14,13,5,6,1.62,1.57,2022-11-06
2022-11-12,2223,EPL,Bournemouth,Everton,3,0,home,2.94,3.35,2.69,2.94,3.32,2.63,2.82,3.21,2.66,16,15,9,3,1.04,1.54,2022-11-12
2022-11-12,2223,EPL,Manchester City,Brentford,1,2,away,1.16,9.6,24.0,1.15,9.28,20.24,1.15,8.6,18.54,29,10,6,8,2.36,1.21,2022-11-12
2022-11-12,2223,EPL,Liverpool,Southampton,3,1,home,1.28,7.0,12.0,1.26,6.49,11.55,1.27,6.48,10.39,15,9,7,5,1.82,1.04,2022-11-12
2022-11-12,2223,EPL,Nottingham Forest,Crystal Palace,1,0,home,3.27,3.42,2.5,3.25,3.31,2.43,3.34,3.18,2.34,9,8,2,3,1.01,1.65,2022-11-12
2022-11-12,2223,EPL,Tottenham,Leeds,4,3,home,1.68,4.49,5.55,1.67,4.35,5.15,1.63,4.29,5.21,14,12,8,5,1.81,1.37,2022-11-12
2022-11-12,2223,EPL,West Ham United,Leicester City,0,2,away,2.14,3.68,3.75,2.14,3.56,3.64,2.08,3.51,3.65,18,9,6,6,1.32,1.36,2022-11-12
2022-11-12,2223,EPL,Wolverhampton Wanderers,Arsenal,0,2,away,6.5,4.44,1.59,6.5,4.3,1.56,6.34,4.15,1.55,11,14,2,4,0.71,1.98,2022-11-12
2022-11-12,2223,EPL,Newcastle United,Chelsea,1,0,home,2.42,3.6,3.24,2.36,3.53,3.18,2.18,3.38,3.52,10,5,3,2,1.62,1.05,2022-11-12
2022-11-13,2223,EPL,Brighton,Aston Villa,1,2,away,1.9,3.87,4.4,1.88,3.84,4.33,1.75,3.75,4.94,7,8,2,2,1.6,1.15,2022-11-13
2022-11-13,2223,EPL,Fulham,Manchester United,1,2,away,4.11,4.05,1.95,4.0,4.02,1.91,4.13,3.78,1.88,14,14,7,9,1.55,1.55,2022-11-13
2022-12-26,2223,EPL,Brentford,Tottenham,2,2,draw,4.05,3.9,2.04,4.0,3.89,1.93,3.46,3.66,2.1,9,16,5,8,1.47,1.87,2022-12-26
2022-12-26,2223,EPL,Crystal Palace,Fulham,0,3,away,2.12,3.68,3.7,2.09,3.66,3.68,2.22,3.51,3.31,4,23,4,11,1.4,1.44,2022-12-26
2022-12-26,2223,EPL,Everton,Wolverhampton Wanderers,1,2,away,2.45,3.44,3.35,2.41,3.26,3.34,2.52,3.21,3.01,12,7,6,4,1.17,0.83,2022-12-26
2022-12-26,2223,EPL,Leicester City,Newcastle United,0,3,away,3.36,3.68,2.28,3.36,3.64,2.22,3.44,3.49,2.16,8,12,2,5,1.2,1.8,2022-12-26
2022-12-26,2223,EPL,Southampton,Brighton,1,3,away,3.59,3.66,2.22,3.5,3.6,2.18,3.6,3.48,2.11,14,7,4,4,1.11,1.72,2022-12-26
2022-12-26,2223,EPL,Aston Villa,Liverpool,1,3,away,4.85,4.26,1.8,4.51,4.09,1.79,4.79,4.05,1.72,12,16,6,9,1.14,1.73,2022-12-26
2022-12-26,2223,EPL,Arsenal,West Ham United,3,1,home,1.55,4.7,7.1,1.52,4.48,6.85,1.55,4.29,6.27,16,8,5,4,1.75,0.79,2022-12-26
2022-12-27,2223,EPL,Chelsea,Bournemouth,2,0,home,1.36,5.8,11.0,1.32,5.72,10.69,1.35,5.32,8.99,15,9,5,4,1.67,1.21,2022-12-27
2022-12-27,2223,EPL,Manchester United,Nottingham Forest,3,0,home,1.35,5.8,12.0,1.31,5.7,11.66,1.34,5.49,8.91,17,8,8,3,1.71,1.08,2022-12-27
2022-12-28,2223,EPL,Leeds,Manchester City,1,3,away,10.5,6.22,1.33,9.78,6.09,1.31,10.09,6.29,1.28,9,26,1,9,1.29,2.36,2022-12-28
2022-12-30,2223,EPL,West Ham United,Brentford,0,2,away,2.12,3.7,3.78,2.08,3.66,3.73,2.06,3.6,3.58,20,9,5,6,1.27,1.37,2022-12-30
2022-12-30,2223,EPL,Liverpool,Leicester City,2,1,home,1.33,6.55,10.75,1.31,6.08,9.55,1.25,6.45,11.81,21,7,5,2,1.9,1.37,2022-12-30
2022-12-31,2223,EPL,Wolverhampton Wanderers,Manchester United,0,1,away,4.31,3.76,1.98,4.16,3.71,1.94,4.07,3.63,1.93,10,16,3,6,0.97,1.53,2022-12-31
2022-12-31,2223,EPL,Bournemouth,Crystal Palace,0,2,away,3.03,3.4,2.66,2.97,3.32,2.6,2.93,3.16,2.61,6,15,2,6,1.23,1.63,2022-12-31
2022-12-31,2223,EPL,Fulham,Southampton,2,1,home,2.09,3.7,4.02,2.04,3.59,3.95,1.83,3.8,4.36,8,9,2,3,1.7,1.23,2022-12-31
2022-12-31,2223,EPL,Manchester City,Everton,1,1,draw,1.17,10.0,25.0,1.16,7.97,23.85,1.15,8.52,18.7,16,2,3,1,2.03,0.9,2022-12-31
2022-12-31,2223,EPL,Newcastle United,Leeds,0,0,draw,1.51,4.9,7.3,1.49,4.8,6.8,1.46,4.74,6.98,16,8,5,1,1.97,1.13,2022-12-31
2022-12-31,2223,EPL,Brighton,Arsenal,2,4,away,3.6,3.72,2.17,3.6,3.62,2.13,4.29,3.67,1.88,9,14,5,7,1.27,1.87,2022-12-31
2023-01-01,2223,EPL,Tottenham,Aston Villa,0,2,away,1.73,4.22,5.25,1.7,4.21,5.01,1.66,4.16,5.09,6,13,2,4,1.73,1.3,2023-01-01
2023-01-01,2223,EPL,Nottingham Forest,Chelsea,1,1,draw,5.5,4.0,1.74,5.43,3.98,1.7,5.77,4.08,1.61,12,7,5,2,0.93,1.67,2023-01-01
2023-01-02,2223,EPL,Brentford,Liverpool,3,1,home,5.8,4.75,1.6,5.76,4.56,1.58,6.1,4.55,1.53,10,16,7,6,1.27,1.87,2023-01-02
2023-01-03,2223,EPL,Arsenal,Newcastle United,0,0,draw,1.85,3.99,4.75,1.83,3.95,4.45,1.77,3.88,4.73,17,8,4,1,1.63,1.47,2023-01-03
2023-01-03,2223,EPL,Everton,Brighton,1,4,away,3.68,3.55,2.18,3.67,3.51,2.15,3.19,3.34,2.36,10,19,4,8,1.17,1.43,2023-01-03
2023-01-03,2223,EPL,Leicester City,Fulham,0,1,away,2.28,3.78,3.3,2.26,3.73,3.2,2.37,3.59,2.97,15,11,6,2,1.57,1.7,2023-01-03
2023-01-03,2223,EPL,Manchester United,Bournemouth,3,0,home,1.32,6.2,11.5,1.29,6.02,10.83,1.27,6.14,11.57,18,7,6,4,1.83,1.13,2023-01-03
2023-01-04,2223,EPL,Southampton,Nottingham Forest,0,1,away,2.12,3.6,4.2,2.1,3.52,3.82,2.36,3.29,3.17,8,11,4,1,1.47,1.23,2023-01-04
2023-01-04,2223,EPL,Leeds,West Ham United,2,2,draw,2.7,3.7,2.76,2.65,3.59,2.73,2.87,3.39,2.53,14,15,6,2,1.33,1.37,2023-01-04
2023-01-04,2223,EPL,Aston Villa,Wolverhampton Wanderers,1,1,draw,2.04,3.76,4.0,1.99,3.76,3.93,1.96,3.49,4.17,13,10,4,3,1.37,1.03,2023-01-04
2023-01-04,2223,EPL,Crystal Palace,Tottenham,0,4,away,3.5,3.64,2.23,3.39,3.58,2.23,3.33,3.42,2.24,19,14,4,6,1.3,1.53,2023-01-04
2023-01-05,2223,EPL,Chelsea,Manchester City,0,1,away,5.6,4.25,1.74,5.6,4.19,1.65,5.23,4.12,1.66,8,12,2,3,1.17,2.0,2023-01-05
2023-01-12,2223,EPL,Fulham,Chelsea,2,1,home,3.52,3.74,2.23,3.43,3.6,2.21,4.0,3.41,2.02,8,20,3,10,1.4,1.33,2023-01-12
2023-01-13,2223,EPL,Aston Villa,Leeds,2,1,home,2.0,3.75,4.2,1.96,3.7,4.11,2.03,3.6,3.75,11,16,5,4,1.5,1.37,2023-01-13
2023-01-14,2223,EPL,Manchester United,Manchester City,2,1,home,4.36,4.15,1.88,4.26,3.98,1.86,3.98,3.92,1.89,8,5,4,1,1.4,1.77,2023-01-14
2023-01-14,2223,EPL,Brighton,Liverpool,3,0,home,3.55,3.95,2.2,3.39,3.74,2.17,2.92,3.73,2.34,16,6,9,2,1.63,1.83,2023-01-14
2023-01-14,2223,EPL,Everton,Southampton,1,2,away,2.32,3.55,3.4,2.28,3.48,3.36,2.38,3.23,3.24,12,13,4,5,1.27,1.0,2023-01-14
2023-01-14,2223,EPL,Nottingham Forest,Leicester City,2,0,home,2.8,3.55,2.75,2.74,3.46,2.72,2.72,3.15,2.8,15,6,5,1,1.13,1.73,2023-01-14
2023-01-14,2223,EPL,Wolverhampton Wanderers,West Ham United,1,0,home,2.8,3.41,2.83,2.75,3.29,2.82,2.51,3.18,3.05,17,16,4,4,0.97,1.3,2023-01-14
2023-01-14,2223,EPL,Brentford,Bournemouth,2,0,home,1.71,4.35,5.55,1.69,4.14,5.23,1.63,4.01,5.74,12,7,4,2,1.8,1.3,2023-01-14
2023-01-15,2223,EPL,Chelsea,Crystal Palace,1,0,home,1.7,4.35,5.77,1.68,3.96,5.64,1.88,3.44,4.63,15,10,5,5,1.33,1.07,2023-01-15
2023-01-15,2223,EPL,Newcastle United,Fulham,1,0,home,1.56,4.6,6.75,1.53,4.55,6.52,1.49,4.6,6.78,20,5,5,3,1.63,1.13,2023-01-15
2023-01-15,2223,EPL,Tottenham,Arsenal,0,2,away,3.38,3.85,2.24,3.34,3.71,2.21,3.38,3.49,2.2,17,14,7,5,1.4,1.87,2023-01-15
2023-01-18,2223,EPL,Crystal Palace,Manchester United,1,1,draw,4.7,3.9,1.84,4.62,3.87,1.82,5.28,3.95,1.68,10,15,5,4,0.9,1.6,2023-01-18
2023-01-19,2223,EPL,Manchester City,Tottenham,4,2,home,1.4,5.75,9.2,1.39,5.58,7.8,1.5,4.74,6.35,16,9,6,3,2.03,1.43,2023-01-19
2023-01-21,2223,EPL,Liverpool,Chelsea,0,0,draw,1.94,3.98,4.25,1.89,3.88,4.2,2.05,3.59,3.71,15,11,3,2,1.5,1.23,2023-01-21
2023-01-21,2223,EPL,Bournemouth,Nottingham Forest,1,1,draw,2.86,3.35,2.88,2.86,3.15,2.82,2.86,3.18,2.66,16,20,4,5,1.5,1.27,2023-01-21
2023-01-21,2223,EPL,Leicester City,Brighton,2,2,draw,3.61,3.89,2.14,3.61,3.71,2.1,4.14,3.88,1.85,9,13,2,4,1.47,1.8,2023-01-21
2023-01-21,2223,EPL,Southampton,Aston Villa,0,1,away,2.96,3.5,2.58,2.96,3.4,2.57,2.69,3.21,2.82,8,16,5,5,1.07,1.5,2023-01-21
2023-01-21,2223,EPL,West Ham United,Everton,2,0,home,1.85,3.93,5.25,1.82,3.65,5.0,1.84,3.57,4.62,11,5,4,2,1.17,1.07,2023-01-21
2023-01-21,2223,EPL,Crystal Palace,Newcastle United,0,0,draw,4.9,3.83,1.92,4.52,3.57,1.92,4.55,3.61,1.84,6,16,1,7,0.63,1.53,2023-01-21
2023-01-22,2223,EPL,Leeds,Brentford,0,0,draw,2.44,3.9,2.99,2.39,3.72,2.99,2.38,3.55,2.96,9,6,5,3,1.37,1.77,2023-01-22
2023-01-22,2223,EPL,Manchester City,Wolverhampton Wanderers,3,0,home,1.22,8.0,17.5,1.2,7.65,14.95,1.25,6.36,11.77,13,10,7,1,2.0,0.83,2023-01-22
2023-01-22,2223,EPL,Arsenal,Manchester United,3,2,home,1.91,4.1,4.35,1.88,3.92,4.19,1.87,3.79,4.19,25,6,5,4,1.6,1.27,2023-01-22
2023-01-23,2223,EPL,Fulham,Tottenham,0,1,away,3.4,3.98,2.19,3.33,3.88,2.15,3.28,3.79,2.12,10,10,5,3,1.7,1.7,2023-01-23
2023-02-03,2223,EPL,Chelsea,Fulham,0,0,draw,1.67,4.2,5.8,1.65,4.11,5.79,1.6,4.12,5.86,12,10,3,4,1.23,1.2,2023-02-03
2023-02-04,2223,EPL,Brighton,Bournemouth,1,0,home,1.38,5.5,10.0,1.35,5.42,9.88,1.38,5.17,8.17,20,12,6,2,1.93,1.43,2023-02-04
2023-02-04,2223,EPL,Everton,Arsenal,1,0,home,8.93,5.0,1.45,8.93,4.84,1.41,7.82,4.31,1.47,12,15,4,3,0.8,1.87,2023-02-04
2023-02-04,2223,EPL,Aston Villa,Leicester City,2,4,away,2.04,3.8,3.95,2.02,3.63,3.95,2.11,3.5,3.59,19,9,4,5,1.43,1.33,2023-02-04
2023-02-04,2223,EPL,Manchester United,Crystal Palace,2,1,home,1.44,5.0,9.0,1.41,4.91,8.97,1.37,5.03,8.92,14,10,5,3,1.5,0.97,2023-02-04
2023-02-04,2223,EPL,Wolverhampton Wanderers,Liverpool,3,0,home,4.2,4.1,1.92,4.14,3.93,1.89,3.97,3.76,1.92,12,22,6,4,1.0,1.57,2023-02-04
2023-02-04,2223,EPL,Newcastle United,West Ham United,1,1,draw,1.65,4.1,6.5,1.63,3.97,6.3,1.67,3.87,5.52,8,10,2,1,1.5,0.67,2023-02-04
2023-02-04,2223,EPL,Brentford,Southampton,3,0,home,1.94,3.76,4.36,1.92,3.68,4.36,1.76,3.72,5.03,14,14,4,6,1.6,1.03,2023-02-04
2023-02-05,2223,EPL,Nottingham Forest,Leeds,1,0,home,2.71,3.6,2.76,2.69,3.46,2.76,2.79,3.4,2.59,6,10,2,4,1.43,1.43,2023-02-05
2023-02-05,2223,EPL,Tottenham,Manchester City,1,0,home,4.65,4.4,1.79,4.44,4.23,1.78,3.98,3.84,1.9,12,15,3,5,1.43,2.0,2023-02-05
2023-02-08,2223,EPL,Manchester United,Leeds,2,2,draw,1.48,5.1,7.0,1.48,4.98,6.69,1.52,4.53,6.31,24,8,7,2,1.83,1.2,2023-02-08
2023-02-11,2223,EPL,West Ham United,Chelsea,1,1,draw,3.51,3.41,2.33,3.43,3.37,2.3,3.46,3.32,2.23,10,12,2,4,0.9,1.07,2023-02-11
2023-02-11,2223,EPL,Fulham,Nottingham Forest,2,0,home,1.98,3.7,4.5,1.94,3.57,4.37,1.94,3.51,4.24,16,10,3,1,1.37,1.07,2023-02-11
2023-02-11,2223,EPL,Crystal Palace,Brighton,1,1,draw,3.97,3.64,2.08,3.9,3.56,2.06,4.78,3.7,1.79,6,17,1,7,1.2,1.73,2023-02-11
2023-02-11,2223,EPL,Southampton,Wolverhampton Wanderers,1,2,away,3.2,3.3,2.6,3.16,3.18,2.55,3.13,3.16,2.47,17,11,2,2,1.2,1.33,2023-02-11
2023-02-11,2223,EPL,Leicester City,Tottenham,4,1,home,3.52,3.84,2.18,3.46,3.7,2.16,3.51,3.71,2.07,15,11,7,4,1.6,1.47,2023-02-11
2023-02-11,2223,EPL,Arsenal,Brentford,1,1,draw,1.49,4.9,8.0,1.47,4.77,7.32,1.54,4.27,6.59,23,9,7,2,1.7,1.1,2023-02-11
2023-02-11,2223,EPL,Bournemouth,Newcastle United,1,1,draw,6.7,4.24,1.61,6.53,4.08,1.6,5.81,4.0,1.62,11,15,5,7,0.67,1.73,2023-02-11
2023-02-12,2223,EPL,Leeds,Manchester United,0,2,away,4.1,4.06,1.98,3.98,3.87,1.94,3.73,3.79,1.97,16,11,6,5,1.07,1.7,2023-02-12
2023-02-12,2223,EPL,Manchester City,Aston Villa,3,1,home,1.27,7.1,13.5,1.26,6.66,11.78,1.32,5.56,9.78,17,6,9,2,1.8,1.17,2023-02-12
2023-02-13,2223,EPL,Liverpool,Everton,2,0,home,1.58,4.62,6.52,1.55,4.48,6.39,1.6,4.2,5.75,15,6,6,1,1.37,1.13,2023-02-13
2023-02-15,2223,EPL,Arsenal,Manchester City,1,3,away,3.04,3.65,2.51,2.95,3.6,2.46,3.23,3.43,2.29,10,9,1,6,1.6,1.47,2023-02-15
2023-02-18,2223,EPL,Chelsea,Southampton,0,1,away,1.41,5.0,10.0,1.4,4.78,9.69,1.43,4.64,7.91,17,8,5,5,1.4,0.77,2023-02-18
2023-02-18,2223,EPL,Everton,Leeds,1,0,home,2.55,3.4,3.09,2.53,3.36,3.03,2.74,3.2,2.77,15,8,6,3,1.3,1.4,2023-02-18
2023-02-18,2223,EPL,Aston Villa,Arsenal,2,4,away,4.6,3.86,1.87,4.54,3.8,1.85,4.36,3.66,1.87,7,20,5,5,1.13,1.8,2023-02-18
2023-02-18,2223,EPL,Brentford,Crystal Palace,1,1,draw,1.9,3.7,4.9,1.85,3.62,4.84,1.81,3.55,4.76,12,10,5,4,1.33,0.97,2023-02-18
2023-02-18,2223,EPL,Brighton,Fulham,0,1,away,1.7,4.2,5.6,1.66,4.16,5.46,1.54,4.36,6.2,21,5,7,2,1.43,1.47,2023-02-18
2023-02-18,2223,EPL,Nottingham Forest,Manchester City,1,1,draw,11.0,5.9,1.34,10.3,5.67,1.33,10.83,5.46,1.31,4,26,1,6,0.83,1.67,2023-02-18
2023-02-18,2223,EPL,Wolverhampton Wanderers,Bournemouth,0,1,away,1.72,3.95,6.1,1.69,3.86,5.78,1.82,3.6,4.71,15,5,4,1,1.3,1.27,2023-02-18
2023-02-18,2223,EPL,Newcastle United,Liverpool,0,2,away,2.7,3.65,2.83,2.57,3.58,2.82,2.53,3.48,2.82,14,13,4,7,1.63,0.9,2023-02-18
2023-02-19,2223,EPL,Manchester United,Leicester City,3,0,home,1.66,4.5,5.5,1.65,4.34,5.37,1.56,4.49,5.7,26,19,8,3,1.37,1.3,2023-02-19
2023-02-19,2223,EPL,Tottenham,West Ham United,2,0,home,1.88,3.86,4.75,1.87,3.76,4.47,1.87,3.51,4.5,16,6,6,1,1.37,1.37,2023-02-19
2023-02-24,2223,EPL,Fulham,Wolverhampton Wanderers,1,1,draw,2.65,3.38,3.1,2.59,3.26,3.04,2.62,3.18,2.92,10,8,5,2,1.47,0.87,2023-02-24
2023-02-25,2223,EPL,Leeds,Southampton,1,0,home,2.05,3.72,4.2,2.02,3.62,3.97,1.95,3.66,3.95,14,8,4,2,1.47,1.27,2023-02-25
2023-02-25,2223,EPL,Leicester City,Arsenal,0,1,away,5.0,4.3,1.74,4.93,4.15,1.72,5.84,4.29,1.58,1,10,4,2,1.23,1.67,2023-02-25
2023-02-25,2223,EPL,Everton,Aston Villa,0,2,away,2.62,3.31,3.06,2.59,3.25,3.05,2.61,3.14,2.98,15,9,5,5,1.27,1.5,2023-02-25
2023-02-25,2223,EPL,Bournemouth,Manchester City,1,4,away,11.5,6.2,1.33,9.67,5.74,1.3,10.02,5.21,1.34,13,20,2,5,1.0,1.73,2023-02-25
2023-02-25,2223,EPL,Crystal Palace,Liverpool,0,0,draw,5.0,4.1,1.79,4.86,3.99,1.76,4.94,4.04,1.7,6,12,4,4,1.0,1.3,2023-02-25
2023-02-25,2223,EPL,West Ham United,Nottingham Forest,4,0,home,1.83,3.7,5.2,1.81,3.63,5.16,1.7,3.76,5.42,18,8,5,3,1.03,1.07,2023-02-25
2023-02-26,2223,EPL,Tottenham,Chelsea,2,0,home,2.65,3.44,3.0,2.59,3.36,2.96,2.93,3.29,2.53,8,10,3,2,1.23,1.17,2023-02-26
2023-03-01,2223,EPL,Arsenal,Everton,4,0,home,1.4,5.4,10.0,1.38,5.01,9.1,1.32,5.2,11.22,15,8,5,5,1.73,0.73,2023-03-01
2023-03-01,2223,EPL,Liverpool,Wolverhampton Wanderers,2,0,home,1.52,4.8,7.0,1.5,4.63,6.68,1.52,4.41,6.47,15,4,6,1,1.3,1.03,2023-03-01
2023-03-04,2223,EPL,Wolverhampton Wanderers,Tottenham,1,0,home,3.41,3.48,2.34,3.32,3.41,2.31,3.26,3.25,2.35,8,21,5,6,1.3,1.57,2023-03-04
2023-03-04,2223,EPL,Southampton,Leicester City,1,0,home,2.89,3.5,2.73,2.85,3.3,2.67,2.79,3.32,2.62,11,11,5,3,0.97,1.5,2023-03-04
2023-03-04,2223,EPL,Manchester City,Newcastle United,2,0,home,1.52,4.8,7.0,1.52,4.6,6.5,1.5,4.44,6.67,11,5,3,2,1.27,1.27,2023-03-04
2023-03-04,2223,EPL,Arsenal,Bournemouth,3,2,home,1.24,7.3,15.0,1.22,6.83,13.69,1.22,6.78,13.69,31,4,9,4,2.0,0.9,2023-03-04
2023-03-04,2223,EPL,Aston Villa,Crystal Palace,1,0,home,2.12,3.5,4.1,2.08,3.37,3.99,2.15,3.31,3.67,8,3,1,3,1.4,1.27,2023-03-04
2023-03-04,2223,EPL,Brighton,West Ham United,4,0,home,1.84,4.0,4.9,1.78,3.88,4.75,1.68,3.94,5.22,20,3,9,2,1.47,1.2,2023-03-04
2023-03-04,2223,EPL,Chelsea,Leeds,1,0,home,1.67,4.18,5.9,1.65,4.05,5.62,1.58,4.14,6.03,13,11,3,2,1.13,1.1,2023-03-04
2023-03-05,2223,EPL,Nottingham Forest,Everton,2,2,draw,2.75,3.26,3.02,2.7,3.11,2.98,3.04,3.03,2.62,10,10,4,3,1.2,0.97,2023-03-05
2023-03-05,2223,EPL,Liverpool,Manchester United,7,0,home,2.5,3.92,2.97,2.39,3.76,2.91,2.46,3.58,2.85,18,8,8,4,1.07,1.47,2023-03-05
2023-03-06,2223,EPL,Brentford,Fulham,3,2,home,2.05,3.83,3.92,2.0,3.76,3.82,2.04,3.54,3.74,14,9,6,5,1.1,1.27,2023-03-06
2023-03-11,2223,EPL,Bournemouth,Liverpool,1,0,home,7.5,5.3,1.46,7.07,5.07,1.44,7.17,5.05,1.41,5,15,2,6,1.0,1.8,2023-03-11
2023-03-11,2223,EPL,Everton,Brentford,1,0,home,2.8,3.31,2.85,2.75,3.23,2.82,2.68,3.07,2.91,13,12,6,4,0.87,1.67,2023-03-11
2023-03-11,2223,EPL,Leeds,Brighton,2,2,draw,4.1,3.86,2.02,3.94,3.76,1.96,4.29,3.75,1.84,12,14,4,2,1.27,1.8,2023-03-11
2023-03-11,2223,EPL,Leicester City,Chelsea,1,3,away,3.98,3.78,2.08,3.9,3.61,2.02,4.02,3.63,1.93,17,12,7,6,1.2,0.93,2023-03-11
2023-03-11,2223,EPL,Tottenham,Nottingham Forest,3,1,home,1.48,4.8,8.0,1.45,4.69,7.8,1.44,4.55,7.62,15,9,7,5,1.5,1.23,2023-03-11
2023-03-11,2223,EPL,Crystal Palace,Manchester City,0,1,away,9.8,5.5,1.38,9.18,5.2,1.37,9.92,5.05,1.34,4,14,4,4,0.77,1.63,2023-03-11
2023-03-12,2223,EPL,Fulham,Arsenal,0,3,away,6.2,4.33,1.63,6.02,4.23,1.59,7.64,4.69,1.43,12,15,2,7,1.1,1.6,2023-03-12
2023-03-12,2223,EPL,Manchester United,Southampton,0,0,draw,1.37,5.6,10.01,1.34,5.33,10.01,1.27,6.12,10.83,10,17,4,4,1.63,1.03,2023-03-12
2023-03-12,2223,EPL,West Ham United,Aston Villa,1,1,draw,2.29,3.56,3.5,2.25,3.4,3.45,2.32,3.25,3.26,17,12,6,4,1.3,1.53,2023-03-12
2023-03-12,2223,EPL,Newcastle United,Wolverhampton Wanderers,2,1,home,1.72,3.97,5.8,1.68,3.88,5.55,1.64,3.83,5.88,19,7,8,4,1.3,0.73,2023-03-12
2023-03-15,2223,EPL,Brighton,Crystal Palace,1,0,home,1.49,4.7,8.0,1.47,4.51,7.72,1.37,4.98,9.06,11,11,5,3,1.6,0.97,2023-03-15
2023-03-15,2223,EPL,Southampton,Brentford,0,2,away,3.13,3.45,2.5,3.05,3.36,2.49,3.24,3.22,2.38,7,11,1,5,0.87,1.5,2023-03-15
2023-03-17,2223,EPL,Nottingham Forest,Newcastle United,1,2,away,6.0,3.96,1.74,5.81,3.87,1.68,5.45,3.75,1.69,5,15,3,4,0.77,1.47,2023-03-17
2023-03-18,2223,EPL,Aston Villa,Bournemouth,3,0,home,1.76,4.0,5.3,1.74,3.88,5.11,1.72,3.85,5.0,20,10,9,3,1.77,1.27,2023-03-18
2023-03-18,2223,EPL,Brentford,Leicester City,1,1,draw,2.01,3.89,4.1,1.95,3.79,3.94,1.87,3.85,4.06,11,14,2,1,1.53,1.2,2023-03-18
2023-03-18,2223,EPL,Southampton,Tottenham,3,3,draw,4.75,3.85,1.88,4.62,3.78,1.82,4.54,3.64,1.83,19,17,7,3,1.07,1.67,2023-03-18
2023-03-18,2223,EPL,Wolverhampton Wanderers,Leeds,2,4,away,2.35,3.42,3.56,2.3,3.25,3.5,2.34,3.23,3.25,23,11,8,4,1.3,1.23,2023-03-18
2023-03-18,2223,EPL,Chelsea,Everton,2,2,draw,1.54,4.34,8.2,1.5,4.19,7.95,1.49,4.14,7.95,20,12,7,3,1.23,0.8,2023-03-18
2023-03-19,2223,EPL,Arsenal,Crystal Palace,4,1,home,1.29,6.42,15.5,1.26,6.02,12.73,1.26,5.86,12.05,15,8,5,4,1.67,0.73,2023-03-19
2023-04-01,2223,EPL,Bournemouth,Fulham,2,1,home,2.63,3.52,2.92,2.56,3.44,2.89,2.56,3.28,2.9,12,10,7,2,1.0,1.5,2023-04-01
2023-04-01,2223,EPL,Arsenal,Leeds,4,1,home,1.31,6.25,12.0,1.29,5.97,10.92,1.27,6.3,10.67,13,7,6,5,2.0,1.17,2023-04-01
2023-04-01,2223,EPL,Nottingham Forest,Wolverhampton Wanderers,1,1,draw,3.15,3.3,2.7,3.01,3.16,2.64,3.32,3.12,2.39,17,8,7,1,1.2,1.4,2023-04-01
2023-04-01,2223,EPL,Manchester City,Liverpool,4,1,home,1.7,4.4,5.5,1.66,4.22,5.26,1.68,4.15,4.97,17,4,8,1,1.53,1.3,2023-04-01
2023-04-01,2223,EPL,Crystal Palace,Leicester City,2,1,home,2.62,3.4,3.05,2.56,3.28,3.02,2.38,3.31,3.16,31,3,9,2,1.0,1.27,2023-04-01
2023-04-01,2223,EPL,Chelsea,Aston Villa,0,2,away,1.74,4.0,5.75,1.69,3.83,5.57,1.62,3.95,5.93,27,5,8,2,1.17,1.23,2023-04-01
2023-04-01,2223,EPL,Brighton,Brentford,3,3,draw,1.72,4.33,5.25,1.67,4.18,5.16,1.62,4.14,5.56,33,7,15,5,1.5,1.5,2023-04-01
2023-04-02,2223,EPL,West Ham United,Southampton,1,0,home,1.8,4.0,5.1,1.77,3.89,4.82,1.76,3.71,4.96,12,9,2,3,1.37,1.13,2023-04-02
2023-04-02,2223,EPL,Newcastle United,Manchester United,2,0,home,2.49,3.62,3.11,2.4,3.55,3.03,2.33,3.49,3.08,22,6,6,1,1.33,1.17,2023-04-02
2023-04-03,2223,EPL,Everton,Tottenham,1,1,draw,3.55,3.55,2.26,3.44,3.45,2.24,3.81,3.34,2.08,15,8,6,2,1.17,1.8,2023-04-03
2023-04-04,2223,EPL,Leeds,Nottingham Forest,2,1,home,1.75,4.1,5.5,1.72,3.97,5.23,1.7,3.88,5.17,21,13,6,1,1.3,1.37,2023-04-04
2023-04-04,2223,EPL,Leicester City,Aston Villa,1,2,away,2.7,3.6,2.85,2.68,3.4,2.82,2.71,3.4,2.67,9,15,4,5,1.23,1.67,2023-04-04
2023-04-04,2223,EPL,Bournemouth,Brighton,0,2,away,6.5,4.5,1.61,6.16,4.37,1.58,5.83,4.34,1.57,14,16,3,6,1.17,2.03,2023-04-04
2023-04-04,2223,EPL,Chelsea,Liverpool,0,0,draw,2.35,3.58,3.46,2.26,3.51,3.4,2.16,3.53,3.43,12,7,3,4,1.0,1.3,2023-04-04
2023-04-05,2223,EPL,Manchester United,Brentford,1,0,home,1.71,4.4,5.3,1.67,4.23,5.09,1.62,4.24,5.32,18,6,3,1,1.3,1.6,2023-04-05
2023-04-05,2223,EPL,West Ham United,Newcastle United,1,5,away,3.67,3.53,2.2,3.63,3.46,2.15,3.46,3.24,2.26,7,15,2,8,0.77,1.43,2023-04-05
2023-04-08,2223,EPL,Manchester United,Everton,2,0,home,1.54,4.5,7.5,1.52,4.42,6.88,1.57,4.22,5.98,29,15,11,1,1.7,1.0,2023-04-08
2023-04-08,2223,EPL,Aston Villa,Nottingham Forest,2,0,home,1.65,4.3,6.0,1.64,4.16,5.5,1.58,4.16,5.98,8,6,3,2,1.57,1.1,2023-04-08
2023-04-08,2223,EPL,Brentford,Newcastle United,1,2,away,3.7,3.58,2.15,3.58,3.58,2.13,4.1,3.5,1.96,12,10,6,4,1.17,1.2,2023-04-08
2023-04-08,2223,EPL,Fulham,West Ham United,0,1,away,2.86,3.33,2.75,2.81,3.33,2.69,2.95,3.24,2.55,16,9,3,5,1.43,1.07,2023-04-08
2023-04-08,2223,EPL,Leicester City,Bournemouth,0,1,away,1.92,3.85,4.33,1.91,3.76,4.18,2.09,3.48,3.64,14,19,4,7,1.4,1.27,2023-04-08
2023-04-08,2223,EPL,Tottenham,Brighton,2,1,home,2.63,3.71,2.75,2.58,3.68,2.72,2.76,3.44,2.59,9,17,3,4,1.5,1.83,2023-04-08
2023-04-08,2223,EPL,Wolverhampton Wanderers,Chelsea,1,0,home,4.3,3.61,2.0,4.28,3.58,1.93,5.01,3.62,1.78,9,13,4,1,0.93,1.07,2023-04-08
2023-04-08,2223,EPL,Southampton,Manchester City,1,4,away,13.5,6.6,1.27,12.65,6.46,1.24,12.15,6.27,1.25,4,13,1,8,0.83,1.83,2023-04-08
2023-04-09,2223,EPL,Leeds,Crystal Palace,1,5,away,2.16,3.55,3.7,2.14,3.48,3.67,2.07,3.45,3.73,11,16,7,8,1.23,1.07,2023-04-09
2023-04-09,2223,EPL,Liverpool,Arsenal,2,2,draw,2.95,3.88,2.5,2.82,3.81,2.44,2.72,3.6,2.55,21,9,6,5,1.3,1.8,2023-04-09
2023-04-15,2223,EPL,Everton,Fulham,1,3,away,2.12,3.56,3.9,2.08,3.48,3.85,2.22,3.29,3.49,15,21,7,7,0.93,1.4,2023-04-15
2023-04-15,2223,EPL,Chelsea,Brighton,1,2,away,2.75,3.58,2.75,2.67,3.52,2.72,2.94,3.37,2.48,8,26,2,10,0.97,1.47,2023-04-15
2023-04-15,2223,EPL,Wolverhampton Wanderers,Brentford,2,0,home,2.59,3.38,3.15,2.57,3.26,3.01,2.81,3.17,2.71,11,10,9,3,1.03,1.4,2023-04-15
2023-04-15,2223,EPL,Aston Villa,Newcastle United,3,0,home,3.8,3.56,2.19,3.71,3.47,2.13,3.64,3.45,2.11,16,8,6,2,1.17,1.27,2023-04-15
2023-04-15,2223,EPL,Tottenham,Bournemouth,2,3,away,1.52,4.9,7.3,1.49,4.68,6.8,1.51,4.47,6.49,24,6,8,6,1.63,1.03,2023-04-15
2023-04-15,2223,EPL,Manchester City,Leicester City,3,1,home,1.18,9.6,21.0,1.16,8.82,16.85,1.14,9.4,19.22,12,10,4,4,2.07,0.93,2023-04-15
2023-04-15,2223,EPL,Southampton,Crystal Palace,0,2,away,2.93,3.34,2.75,2.88,3.19,2.73,2.93,3.12,2.65,11,9,4,2,1.0,1.27,2023-04-15
2023-04-16,2223,EPL,West Ham United,Arsenal,2,2,draw,6.2,4.4,1.61,6.14,4.29,1.57,5.58,4.2,1.61,16,11,3,5,1.07,2.0,2023-04-16
2023-04-16,2223,EPL,Nottingham Forest,Manchester United,0,2,away,5.5,4.1,1.75,5.07,4.01,1.71,4.96,4.01,1.7,6,22,4,8,1.0,1.6,2023-04-16
2023-04-17,2223,EPL,Leeds,Liverpool,1,6,away,4.54,4.6,1.77,4.39,4.42,1.74,4.57,4.32,1.7,13,13,3,7,1.13,1.57,2023-04-17
2023-04-21,2223,EPL,Arsenal,Southampton,3,3,draw,1.23,7.9,17.0,1.21,7.62,14.32,1.21,7.08,13.9,25,8,6,6,1.9,0.9,2023-04-21
2023-04-22,2223,EPL,Crystal Palace,Everton,0,0,draw,2.18,3.35,4.1,2.15,3.28,3.87,1.97,3.36,4.27,12,10,2,5,1.37,1.03,2023-04-22
2023-04-22,2223,EPL,Fulham,Leeds,2,1,home,2.47,3.55,3.1,2.44,3.47,3.03,2.38,3.44,3.03,12,10,5,2,1.63,1.07,2023-04-22
2023-04-22,2223,EPL,Leicester City,Wolverhampton Wanderers,2,1,home,2.5,3.36,3.21,2.46,3.31,3.14,2.43,3.3,3.09,15,16,8,3,1.1,1.43,2023-04-22
2023-04-22,2223,EPL,Liverpool,Nottingham Forest,3,2,home,1.21,8.2,19.5,1.19,7.71,15.51,1.17,8.07,16.57,18,11,6,5,1.6,1.03,2023-04-22
2023-04-22,2223,EPL,Brentford,Aston Villa,1,1,draw,2.61,3.53,2.9,2.55,3.51,2.85,2.64,3.28,2.82,6,14,5,2,1.23,1.4,2023-04-22
2023-04-23,2223,EPL,Bournemouth,West Ham United,0,4,away,2.91,3.35,2.75,2.85,3.3,2.68,2.97,3.3,2.51,17,18,5,10,1.23,1.4,2023-04-23
2023-04-23,2223,EPL,Newcastle United,Tottenham,6,1,home,1.92,4.0,4.4,1.84,3.94,4.31,1.92,3.72,4.03,25,11,8,3,1.37,1.23,2023-04-23
2023-04-25,2223,EPL,Aston Villa,Fulham,1,0,home,1.84,4.1,4.6,1.8,3.99,4.45,1.75,3.83,4.88,14,1,3,3,1.4,1.1,2023-04-25
2023-04-25,2223,EPL,Leeds,Leicester City,1,1,draw,2.45,3.67,3.1,2.39,3.59,3.02,2.37,3.57,2.96,13,15,3,3,1.4,1.6,2023-04-25
2023-04-25,2223,EPL,Wolverhampton Wanderers,Crystal Palace,2,0,home,2.58,3.23,3.25,2.56,3.15,3.13,2.32,3.03,3.56,9,14,3,4,1.07,1.07,2023-04-25
2023-04-26,2223,EPL,Chelsea,Brentford,0,2,away,1.75,4.1,5.25,1.73,3.93,5.06,1.79,3.67,4.84,15,7,4,1,0.87,1.2,2023-04-26
2023-04-26,2223,EPL,Nottingham Forest,Brighton,3,1,home,6.5,4.6,1.58,6.12,4.42,1.56,5.51,4.26,1.6,12,17,5,7,1.07,1.87,2023-04-26
2023-04-26,2223,EPL,Manchester City,Arsenal,4,1,home,1.61,4.8,6.4,1.57,4.52,5.71,1.66,4.16,5.16,14,8,9,2,1.83,1.67,2023-04-26
2023-04-26,2223,EPL,West Ham United,Liverpool,1,2,away,4.2,4.0,1.92,4.07,3.97,1.88,3.6,3.8,1.99,7,20,2,4,1.3,1.57,2023-04-26
2023-04-27,2223,EPL,Everton,Newcastle United,1,4,away,5.2,3.88,1.81,5.03,3.83,1.75,4.51,3.66,1.82,13,15,5,8,0.83,1.6,2023-04-27
2023-04-27,2223,EPL,Southampton,Bournemouth,0,1,away,2.39,3.57,3.22,2.34,3.49,3.19,2.53,3.29,2.95,11,16,2,2,1.3,1.23,2023-04-27
2023-04-27,2223,EPL,Tottenham,Manchester United,2,2,draw,2.85,3.82,2.53,2.81,3.72,2.48,2.86,3.75,2.36,18,17,7,8,1.4,1.63,2023-04-27
2023-04-29,2223,EPL,Crystal Palace,West Ham United,4,3,home,2.88,3.28,2.9,2.73,3.24,2.83,2.57,3.17,2.97,16,8,6,4,1.17,1.23,2023-04-29
2023-04-29,2223,EPL,Brentford,Nottingham Forest,2,1,home,1.7,4.0,5.7,1.68,3.92,5.54,1.74,3.77,5.04,14,5,8,3,1.53,1.03,2023-04-29
2023-04-29,2223,EPL,Brighton,Wolverhampton Wanderers,6,0,home,1.54,4.6,7.0,1.51,4.48,6.75,1.57,4.28,5.97,22,10,8,2,1.53,1.27,2023-04-29
2023-04-30,2223,EPL,Bournemouth,Leeds,4,1,home,2.67,3.62,2.75,2.65,3.57,2.69,2.47,3.4,2.94,12,15,7,6,1.47,1.33,2023-04-30
2023-04-30,2223,EPL,Fulham,Manchester City,1,2,away,13.0,6.6,1.28,11.97,6.48,1.25,11.21,6.12,1.27,4,12,1,9,0.93,1.8,2023-04-30
2023-04-30,2223,EPL,Manchester United,Aston Villa,1,0,home,1.83,4.1,4.7,1.81,4.03,4.34,1.75,4.11,4.47,14,7,6,1,1.3,1.5,2023-04-30
2023-04-30,2223,EPL,Newcastle United,Southampton,3,1,home,1.35,6.0,11.0,1.33,5.71,9.61,1.26,6.22,12.09,22,4,5,3,1.67,0.9,2023-04-30
2023-04-30,2223,EPL,Liverpool,Tottenham,4,3,home,1.6,5.0,6.05,1.54,4.97,5.51,1.55,4.84,5.38,12,10,4,7,1.83,1.33,2023-04-30
2023-05-01,2223,EPL,Leicester City,Everton,2,2,draw,2.1,3.6,4.0,2.04,3.48,3.98,2.02,3.44,3.92,15,23,6,8,1.47,1.23,2023-05-01
2023-05-02,2223,EPL,Arsenal,Chelsea,3,1,home,1.64,4.4,6.1,1.59,4.32,5.96,1.61,4.23,5.54,16,7,10,4,1.73,1.13,2023-05-02
2023-05-03,2223,EPL,Liverpool,Fulham,1,0,home,1.3,7.0,12.0,1.27,6.5,10.02,1.29,6.13,9.73,15,9,3,3,1.63,1.07,2023-05-03
2023-05-03,2223,EPL,Manchester City,West Ham United,3,0,home,1.23,8.0,15.0,1.21,7.27,13.54,1.18,7.87,15.92,16,6,7,2,2.07,1.2,2023-05-03
2023-05-04,2223,EPL,Brighton,Manchester United,1,0,home,2.08,4.02,3.75,2.05,3.84,3.57,2.17,3.83,3.16,22,16,6,5,1.73,1.27,2023-05-04
2023-05-06,2223,EPL,Bournemouth,Chelsea,1,3,away,3.53,3.59,2.24,3.46,3.55,2.19,3.55,3.62,2.08,10,11,4,5,1.17,1.1,2023-05-06
2023-05-06,2223,EPL,Manchester City,Leeds,2,1,home,1.19,9.3,19.0,1.18,8.6,14.23,1.16,8.48,16.93,18,4,6,2,2.5,0.97,2023-05-06
2023-05-06,2223,EPL,Tottenham,Crystal Palace,1,0,home,1.87,4.1,4.4,1.84,3.98,4.24,1.84,3.83,4.31,8,7,3,2,1.47,1.57,2023-05-06
2023-05-06,2223,EPL,Wolverhampton Wanderers,Aston Villa,1,0,home,3.09,3.38,2.56,3.06,3.31,2.51,3.12,3.33,2.39,6,16,2,3,1.07,1.57,2023-05-06
2023-05-06,2223,EPL,Liverpool,Brentford,1,0,home,1.52,5.3,6.5,1.49,5.09,6.17,1.43,5.16,6.91,15,5,5,1,1.6,1.23,2023-05-06
2023-05-07,2223,EPL,Newcastle United,Arsenal,0,2,away,2.6,3.94,2.85,2.51,3.8,2.73,2.31,3.74,2.97,12,10,5,6,1.73,1.73,2023-05-07
2023-05-07,2223,EPL,West Ham United,Manchester United,1,0,home,3.58,3.9,2.13,3.57,3.78,2.07,3.57,3.68,2.05,15,19,4,4,1.37,1.5,2023-05-07
2023-05-08,2223,EPL,Fulham,Leicester City,5,3,home,2.8,3.7,2.68,2.71,3.61,2.62,2.68,3.35,2.71,17,18,7,9,1.3,1.27,2023-05-08
2023-05-08,2223,EPL,Brighton,Everton,1,5,away,1.39,5.6,9.2,1.38,5.34,8.38,1.35,5.54,8.45,23,10,5,5,1.87,0.9,2023-05-08
2023-05-08,2223,EPL,Nottingham Forest,Southampton,4,3,home,2.2,3.72,3.54,2.17,3.6,3.45,2.01,3.49,3.9,9,19,4,5,1.37,1.3,2023-05-08
2023-05-13,2223,EPL,Leeds,Newcastle United,2,2,draw,4.8,4.4,1.77,4.62,4.33,1.71,5.04,4.39,1.63,9,18,4,5,1.2,2.1,2023-05-13
2023-05-13,2223,EPL,Aston Villa,Tottenham,2,1,home,2.38,3.78,3.14,2.34,3.72,3.01,2.29,3.64,3.04,8,5,4,2,1.63,1.37,2023-05-13
2023-05-13,2223,EPL,Chelsea,Nottingham Forest,2,2,draw,1.55,4.6,7.1,1.51,4.47,6.88,1.56,4.3,6.06,14,11,6,2,1.4,1.2,2023-05-13
2023-05-13,2223,EPL,Crystal Palace,Bournemouth,2,0,home,1.91,3.88,4.4,1.88,3.82,4.24,1.77,3.78,4.81,17,5,5,3,1.4,1.23,2023-05-13
2023-05-13,2223,EPL,Manchester United,Wolverhampton Wanderers,2,0,home,1.41,5.4,9.0,1.38,5.24,8.6,1.38,5.24,8.06,27,5,9,3,1.3,1.23,2023-05-13
2023-05-13,2223,EPL,Southampton,Fulham,0,2,away,2.9,3.64,2.57,2.84,3.56,2.54,2.73,3.44,2.6,5,9,1,4,1.13,1.57,2023-05-13
2023-05-14,2223,EPL,Arsenal,Brighton,0,3,away,1.81,4.5,4.35,1.78,4.36,4.21,1.73,4.28,4.36,14,12,2,6,1.93,1.67,2023-05-14
2023-05-14,2223,EPL,Brentford,West Ham United,2,0,home,2.1,3.71,3.81,2.06,3.65,3.71,1.83,3.64,4.6,24,4,10,4,1.5,1.27,2023-05-14
2023-05-14,2223,EPL,Everton,Manchester City,0,3,away,10.0,5.7,1.39,8.95,5.45,1.36,8.25,5.15,1.37,7,9,3,4,0.93,2.13,2023-05-14
2023-05-15,2223,EPL,Leicester City,Liverpool,0,3,away,5.5,4.9,1.64,4.99,4.74,1.61,4.68,4.29,1.69,4,16,4,5,1.17,2.07,2023-05-15
2023-05-18,2223,EPL,Newcastle United,Brighton,4,1,home,2.07,4.0,3.65,2.06,3.95,3.44,1.8,4.06,4.13,22,8,9,2,1.6,1.63,2023-05-18
2023-05-20,2223,EPL,Tottenham,Brentford,1,3,away,1.9,4.1,4.3,1.85,3.99,4.16,1.95,3.77,3.85,22,11,8,4,1.4,1.57,2023-05-20
2023-05-20,2223,EPL,Bournemouth,Manchester United,0,1,away,6.5,5.1,1.55,5.87,4.84,1.53,7.26,5.24,1.41,10,20,4,5,1.13,1.5,2023-05-20
2023-05-20,2223,EPL,Fulham,Crystal Palace,2,2,draw,2.51,3.52,3.11,2.49,3.39,3.03,2.36,3.26,3.23,11,11,4,5,1.23,1.23,2023-05-20
2023-05-20,2223,EPL,Liverpool,Aston Villa,1,1,draw,1.53,5.2,6.5,1.5,5.07,5.94,1.49,4.85,6.18,10,6,5,3,1.57,1.23,2023-05-20
2023-05-20,2223,EPL,Wolverhampton Wanderers,Everton,1,1,draw,2.88,3.48,2.75,2.81,3.36,2.67,3.13,3.45,2.33,13,19,5,4,1.43,1.27,2023-05-20
2023-05-20,2223,EPL,Nottingham Forest,Arsenal,1,0,home,5.6,4.6,1.7,5.37,4.47,1.61,5.26,4.18,1.64,6,11,2,3,1.43,2.3,2023-05-20
2023-05-21,2223,EPL,West Ham United,Leeds,3,1,home,2.55,3.72,2.93,2.51,3.65,2.82,2.6,3.51,2.72,19,12,9,3,1.83,1.47,2023-05-21
2023-05-21,2223,EPL,Brighton,Southampton,3,1,home,1.25,7.6,13.5,1.23,6.99,12.43,1.21,7.38,13.35,26,5,8,1,1.9,1.2,2023-05-21
2023-05-21,2223,EPL,Manchester City,Chelsea,1,0,home,1.28,6.85,13.25,1.26,6.39,11.14,1.62,4.19,5.85,15,13,2,6,1.97,0.83,2023-05-21
2023-05-22,2223,EPL,Newcastle United,Leicester City,0,0,draw,1.42,5.9,8.5,1.4,5.55,7.24,1.31,5.96,9.36,23,1,4,1,2.1,1.23,2023-05-22
2023-05-24,2223,EPL,Brighton,Manchester City,1,1,draw,4.22,4.5,1.85,3.93,4.39,1.83,3.86,4.13,1.85,20,13,7,4,1.37,2.07,2023-05-24
2023-05-25,2223,EPL,Manchester United,Chelsea,4,1,home,1.7,4.65,5.4,1.63,4.49,5.19,1.56,4.39,5.84,18,14,9,5,1.3,0.97,2023-05-25
2023-05-28,2223,EPL,Aston Villa,Brighton,2,1,home,2.1,4.08,3.55,2.05,4.03,3.35,1.88,4.04,3.83,12,8,5,4,1.5,1.43,2023-05-28
2023-05-28,2223,EPL,Leicester City,West Ham United,2,1,home,2.0,4.2,3.82,1.95,4.02,3.64,2.08,3.94,3.26,13,16,4,3,1.3,1.7,2023-05-28
2023-05-28,2223,EPL,Chelsea,Newcastle United,1,1,draw,3.0,3.86,2.48,2.89,3.74,2.38,2.79,3.76,2.38,22,13,5,4,1.1,1.87,2023-05-28
2023-05-28,2223,EPL,Everton,Bournemouth,1,0,home,1.53,5.0,7.25,1.5,4.63,6.54,1.62,4.22,5.41,13,7,6,2,1.43,1.47,2023-05-28
2023-05-28,2223,EPL,Crystal Palace,Nottingham Forest,1,1,draw,1.74,4.4,5.0,1.68,4.28,4.8,1.6,4.09,5.61,16,7,4,4,1.63,1.27,2023-05-28
2023-05-28,2223,EPL,Manchester United,Fulham,2,1,home,1.56,4.9,6.0,1.53,4.65,5.84,1.48,4.97,6.04,21,10,8,3,1.37,1.2,2023-05-28
2023-05-28,2223,EPL,Leeds,Tottenham,1,4,away,2.88,4.1,2.45,2.81,3.93,2.36,2.78,3.84,2.38,19,11,2,7,1.67,2.03,2023-05-28
2023-05-28,2223,EPL,Southampton,Liverpool,4,4,draw,7.1,5.6,1.46,6.68,5.29,1.43,5.95,4.97,1.49,15,30,10,8,0.97,2.07,2023-05-28
2023-05-28,2223,EPL,Brentford,Manchester City,1,0,home,4.05,4.3,1.92,4.04,4.1,1.84,3.37,3.57,2.15,11,17,4,3,1.03,1.83,2023-05-28
2023-05-28,2223,EPL,Arsenal,Wolverhampton Wanderers,5,0,home,1.43,5.7,8.5,1.38,5.51,7.66,1.29,6.18,9.86,14,6,8,3,1.93,1.2,2023-05-28
