date,league,home_team,away_team,home_xg,away_xg,home_xga,away_xga,home_goals,away_goals,result,home_odds,draw_odds,away_odds
2023-08-11 19:00:00,EPL,Burnley,Manchester City,0.311032,2.40074,2.40074,0.311032,0,3,away,2.0,3.5,3.0
2023-08-12 11:30:00,EPL,Arsenal,Nottingham Forest,0.84262,0.966305,0.966305,0.84262,2,1,home,2.0,3.5,3.0
2023-08-12 14:00:00,EPL,Bournemouth,West Ham,1.51025,1.4834,1.4834,1.51025,1,1,draw,2.0,3.5,3.0
2023-08-12 14:00:00,EPL,Brighton,Luton,4.36748,1.88594,1.88594,4.36748,4,1,home,2.0,3.5,3.0
2023-08-12 14:00:00,EPL,Everton,Fulham,2.59001,1.58144,1.58144,2.59001,0,1,away,2.0,3.5,3.0
2023-08-12 14:00:00,EPL,Sheffield United,Crystal Palace,0.422704,2.27616,2.27616,0.422704,0,1,away,2.0,3.5,3.0
2023-08-12 16:30:00,EPL,Newcastle United,Aston Villa,4.32208,1.486,1.486,4.32208,5,1,home,2.0,3.5,3.0
2023-08-13 13:00:00,EPL,Brentford,Tottenham,1.90756,1.45316,1.45316,1.90756,2,2,draw,2.0,3.5,3.0
2023-08-13 15:30:00,EPL,Chelsea,Liverpool,1.93258,1.29994,1.29994,1.93258,1,1,draw,2.0,3.5,3.0
2023-08-14 19:00:00,EPL,Manchester United,Wolverhampton Wanderers,1.97087,1.72228,1.72228,1.97087,1,0,home,2.0,3.5,3.0
2023-08-18 18:45:00,EPL,Nottingham Forest,Sheffield United,1.37181,0.551038,0.551038,1.37181,2,1,home,2.0,3.5,3.0
2023-08-19 14:00:00,EPL,Liverpool,Bournemouth,3.25448,1.3867,1.3867,3.25448,3,1,home,2.0,3.5,3.0
2023-08-19 14:00:00,EPL,Wolverhampton Wanderers,Brighton,2.68821,3.15562,3.15562,2.68821,1,4,away,2.0,3.5,3.0
2023-08-19 14:00:00,EPL,Fulham,Brentford,0.399899,3.46888,3.46888,0.399899,0,3,away,2.0,3.5,3.0
2023-08-19 16:30:00,EPL,Tottenham,Manchester United,2.53904,2.44604,2.44604,2.53904,2,0,home,2.0,3.5,3.0
2023-08-19 19:00:00,EPL,Manchester City,Newcastle United,1.22528,0.257154,0.257154,1.22528,1,0,home,2.0,3.5,3.0
2023-08-20 13:00:00,EPL,Aston Villa,Everton,3.24336,0.721465,0.721465,3.24336,4,0,home,2.0,3.5,3.0
2023-08-20 15:30:00,EPL,West Ham,Chelsea,1.71234,1.60916,1.60916,1.71234,3,1,home,2.0,3.5,3.0
2023-08-21 19:00:00,EPL,Crystal Palace,Arsenal,1.06916,2.20593,2.20593,1.06916,0,1,away,2.0,3.5,3.0
2023-08-25 19:00:00,EPL,Chelsea,Luton,3.41419,0.465741,0.465741,3.41419,3,0,home,2.0,3.5,3.0
2023-08-26 11:30:00,EPL,Bournemouth,Tottenham,0.483582,2.26115,2.26115,0.483582,0,2,away,2.0,3.5,3.0
2023-08-26 14:00:00,EPL,Manchester United,Nottingham Forest,3.02803,0.960354,0.960354,3.02803,3,2,home,2.0,3.5,3.0
2023-08-26 14:00:00,EPL,Everton,Wolverhampton Wanderers,1.89792,1.40228,1.40228,1.89792,0,1,away,2.0,3.5,3.0
2023-08-26 14:00:00,EPL,Brentford,Crystal Palace,0.948011,1.06061,1.06061,0.948011,1,1,draw,2.0,3.5,3.0
2023-08-26 14:00:00,EPL,Arsenal,Fulham,3.23088,0.849817,0.849817,3.23088,2,2,draw,2.0,3.5,3.0
2023-08-26 16:30:00,EPL,Brighton,West Ham,1.3743,2.9527,2.9527,1.3743,1,3,away,2.0,3.5,3.0
2023-08-27 13:00:00,EPL,Burnley,Aston Villa,0.630605,2.83691,2.83691,0.630605,1,3,away,2.0,3.5,3.0
2023-08-27 13:00:00,EPL,Sheffield United,Manchester City,0.762232,3.84804,3.84804,0.762232,1,2,away,2.0,3.5,3.0
2023-08-27 15:30:00,EPL,Newcastle United,Liverpool,1.62037,0.856121,0.856121,1.62037,1,2,away,2.0,3.5,3.0
2023-09-01 19:00:00,EPL,Luton,West Ham,2.02244,1.22528,1.22528,2.02244,1,2,away,2.0,3.5,3.0
2023-09-02 11:30:00,EPL,Sheffield United,Everton,1.575,2.73871,2.73871,1.575,2,2,draw,2.0,3.5,3.0
2023-09-02 14:00:00,EPL,Burnley,Tottenham,1.66604,2.39785,2.39785,1.66604,2,5,away,2.0,3.5,3.0
2023-09-02 14:00:00,EPL,Chelsea,Nottingham Forest,2.28442,1.1505,1.1505,2.28442,0,1,away,2.0,3.5,3.0
2023-09-02 14:00:00,EPL,Manchester City,Fulham,2.00152,1.46427,1.46427,2.00152,5,1,home,2.0,3.5,3.0
2023-09-02 14:00:00,EPL,Brentford,Bournemouth,3.07185,2.11013,2.11013,3.07185,2,2,draw,2.0,3.5,3.0
2023-09-02 16:30:00,EPL,Brighton,Newcastle United,1.32258,0.90476,0.90476,1.32258,3,1,home,2.0,3.5,3.0
2023-09-03 13:00:00,EPL,Crystal Palace,Wolverhampton Wanderers,2.32935,1.13911,1.13911,2.32935,3,2,home,2.0,3.5,3.0
2023-09-03 13:00:00,EPL,Liverpool,Aston Villa,2.73138,0.615503,0.615503,2.73138,3,0,home,2.0,3.5,3.0
2023-09-03 15:30:00,EPL,Arsenal,Manchester United,1.90973,0.966109,0.966109,1.90973,3,1,home,2.0,3.5,3.0
2023-09-16 11:30:00,EPL,Wolverhampton Wanderers,Liverpool,0.538833,2.82701,2.82701,0.538833,1,3,away,2.0,3.5,3.0
2023-09-16 14:00:00,EPL,Manchester United,Brighton,0.719951,1.93908,1.93908,0.719951,1,3,away,2.0,3.5,3.0
2023-09-16 14:00:00,EPL,Tottenham,Sheffield United,2.15909,0.790655,0.790655,2.15909,2,1,home,2.0,3.5,3.0
2023-09-16 14:00:00,EPL,West Ham,Manchester City,0.895632,4.15046,4.15046,0.895632,1,3,away,2.0,3.5,3.0
2023-09-16 14:00:00,EPL,Aston Villa,Crystal Palace,2.31518,1.11696,1.11696,2.31518,3,1,home,2.0,3.5,3.0
2023-09-16 14:00:00,EPL,Fulham,Luton,1.75704,1.45705,1.45705,1.75704,1,0,home,2.0,3.5,3.0
2023-09-16 16:30:00,EPL,Newcastle United,Brentford,1.50126,0.633678,0.633678,1.50126,1,0,home,2.0,3.5,3.0
2023-09-17 13:00:00,EPL,Bournemouth,Chelsea,1.32515,1.39677,1.39677,1.32515,0,0,draw,2.0,3.5,3.0
2023-09-17 15:30:00,EPL,Everton,Arsenal,0.28317,0.802605,0.802605,0.28317,0,1,away,2.0,3.5,3.0
2023-09-18 18:45:00,EPL,Nottingham Forest,Burnley,0.705795,0.807651,0.807651,0.705795,1,1,draw,2.0,3.5,3.0
2023-09-23 14:00:00,EPL,Luton,Wolverhampton Wanderers,2.24101,0.762984,0.762984,2.24101,1,1,draw,2.0,3.5,3.0
2023-09-23 14:00:00,EPL,Manchester City,Nottingham Forest,1.33984,0.729109,0.729109,1.33984,2,0,home,2.0,3.5,3.0
2023-09-23 14:00:00,EPL,Crystal Palace,Fulham,0.37236,0.542678,0.542678,0.37236,0,0,draw,2.0,3.5,3.0
2023-09-23 16:30:00,EPL,Brentford,Everton,1.57402,2.51497,2.51497,1.57402,1,3,away,2.0,3.5,3.0
2023-09-23 19:00:00,EPL,Burnley,Manchester United,0.935444,0.840273,0.840273,0.935444,0,1,away,2.0,3.5,3.0
2023-09-24 13:00:00,EPL,Arsenal,Tottenham,2.3429,2.21166,2.21166,2.3429,2,2,draw,2.0,3.5,3.0
2023-09-24 13:00:00,EPL,Liverpool,West Ham,4.14262,1.53878,1.53878,4.14262,3,1,home,2.0,3.5,3.0
2023-09-24 13:00:00,EPL,Chelsea,Aston Villa,1.19716,1.13479,1.13479,1.19716,0,1,away,2.0,3.5,3.0
2023-09-24 13:00:00,EPL,Brighton,Bournemouth,2.14533,1.58984,1.58984,2.14533,3,1,home,2.0,3.5,3.0
2023-09-24 15:30:00,EPL,Sheffield United,Newcastle United,0.579392,5.1082,5.1082,0.579392,0,8,away,2.0,3.5,3.0
2023-09-30 11:30:00,EPL,Aston Villa,Brighton,1.90746,1.72819,1.72819,1.90746,6,1,home,2.0,3.5,3.0
2023-09-30 14:00:00,EPL,Everton,Luton,3.65377,1.5102,1.5102,3.65377,1,2,away,2.0,3.5,3.0
2023-09-30 14:00:00,EPL,Manchester United,Crystal Palace,1.55408,1.19015,1.19015,1.55408,0,1,away,2.0,3.5,3.0
2023-09-30 14:00:00,EPL,Newcastle United,Burnley,3.08516,0.801849,0.801849,3.08516,2,0,home,2.0,3.5,3.0
2023-09-30 14:00:00,EPL,Bournemouth,Arsenal,0.644443,4.0742,4.0742,0.644443,0,4,away,2.0,3.5,3.0
2023-09-30 14:00:00,EPL,West Ham,Sheffield United,3.19753,0.911997,0.911997,3.19753,2,0,home,2.0,3.5,3.0
2023-09-30 14:00:00,EPL,Wolverhampton Wanderers,Manchester City,0.673985,0.98075,0.98075,0.673985,2,1,home,2.0,3.5,3.0
2023-09-30 16:30:00,EPL,Tottenham,Liverpool,2.18823,1.12299,1.12299,2.18823,2,1,home,2.0,3.5,3.0
2023-10-01 13:00:00,EPL,Nottingham Forest,Brentford,0.800317,1.75862,1.75862,0.800317,1,1,draw,2.0,3.5,3.0
2023-10-02 19:00:00,EPL,Fulham,Chelsea,0.889383,1.98461,1.98461,0.889383,0,2,away,2.0,3.5,3.0
2023-10-03 18:30:00,EPL,Luton,Burnley,1.53058,0.920206,0.920206,1.53058,1,2,away,2.0,3.5,3.0
2023-10-07 11:30:00,EPL,Luton,Tottenham,0.848118,2.37947,2.37947,0.848118,0,1,away,2.0,3.5,3.0
2023-10-07 14:00:00,EPL,Burnley,Chelsea,0.956642,1.97566,1.97566,0.956642,1,4,away,2.0,3.5,3.0
2023-10-07 14:00:00,EPL,Everton,Bournemouth,3.16482,0.981732,0.981732,3.16482,3,0,home,2.0,3.5,3.0
2023-10-07 14:00:00,EPL,Fulham,Sheffield United,2.26612,0.251809,0.251809,2.26612,3,1,home,2.0,3.5,3.0
2023-10-07 14:00:00,EPL,Manchester United,Brentford,1.29356,1.02509,1.02509,1.29356,2,1,home,2.0,3.5,3.0
2023-10-07 16:30:00,EPL,Crystal Palace,Nottingham Forest,0.982452,1.22105,1.22105,0.982452,0,0,draw,2.0,3.5,3.0
2023-10-08 13:00:00,EPL,Brighton,Liverpool,2.23187,2.51029,2.51029,2.23187,2,2,draw,2.0,3.5,3.0
2023-10-08 13:00:00,EPL,West Ham,Newcastle United,0.931345,1.97865,1.97865,0.931345,2,2,draw,2.0,3.5,3.0
2023-10-08 13:00:00,EPL,Wolverhampton Wanderers,Aston Villa,1.76232,1.81618,1.81618,1.76232,1,1,draw,2.0,3.5,3.0
2023-10-08 15:30:00,EPL,Arsenal,Manchester City,0.386558,0.858071,0.858071,0.386558,1,0,home,2.0,3.5,3.0
2023-10-21 11:30:00,EPL,Liverpool,Everton,2.28568,0.0937725,0.0937725,2.28568,2,0,home,2.0,3.5,3.0
2023-10-21 14:00:00,EPL,Nottingham Forest,Luton,3.27549,1.49555,1.49555,3.27549,2,2,draw,2.0,3.5,3.0
2023-10-21 14:00:00,EPL,Newcastle United,Crystal Palace,3.73336,1.08795,1.08795,3.73336,4,0,home,2.0,3.5,3.0
2023-10-21 14:00:00,EPL,Bournemouth,Wolverhampton Wanderers,1.01839,2.30454,2.30454,1.01839,1,2,away,2.0,3.5,3.0
2023-10-21 14:00:00,EPL,Brentford,Burnley,3.15685,0.693129,0.693129,3.15685,3,0,home,2.0,3.5,3.0
2023-10-21 14:00:00,EPL,Manchester City,Brighton,0.962509,0.963733,0.963733,0.962509,2,1,home,2.0,3.5,3.0
2023-10-21 16:30:00,EPL,Chelsea,Arsenal,1.71838,1.05791,1.05791,1.71838,2,2,draw,2.0,3.5,3.0
2023-10-21 19:00:00,EPL,Sheffield United,Manchester United,1.41074,1.46187,1.46187,1.41074,1,2,away,2.0,3.5,3.0
2023-10-22 15:30:00,EPL,Aston Villa,West Ham,2.34143,0.659622,0.659622,2.34143,4,1,home,2.0,3.5,3.0
2023-10-23 19:00:00,EPL,Tottenham,Fulham,1.63523,0.745838,0.745838,1.63523,2,0,home,2.0,3.5,3.0
2023-10-27 19:00:00,EPL,Crystal Palace,Tottenham,0.561834,0.989103,0.989103,0.561834,1,2,away,2.0,3.5,3.0
2023-10-28 11:30:00,EPL,Chelsea,Brentford,1.71801,2.48137,2.48137,1.71801,0,2,away,2.0,3.5,3.0
2023-10-28 14:00:00,EPL,Arsenal,Sheffield United,3.03496,0.0281554,0.0281554,3.03496,5,0,home,2.0,3.5,3.0
2023-10-28 14:00:00,EPL,Bournemouth,Burnley,1.10052,0.90255,0.90255,1.10052,2,1,home,2.0,3.5,3.0
2023-10-28 16:30:00,EPL,Wolverhampton Wanderers,Newcastle United,0.863393,2.31987,2.31987,0.863393,2,2,draw,2.0,3.5,3.0
2023-10-29 13:00:00,EPL,West Ham,Everton,0.618578,0.733813,0.733813,0.618578,0,1,away,2.0,3.5,3.0
2023-10-29 14:00:00,EPL,Aston Villa,Luton,3.07654,0.453117,0.453117,3.07654,3,1,home,2.0,3.5,3.0
2023-10-29 14:00:00,EPL,Brighton,Fulham,1.31996,0.552523,0.552523,1.31996,1,1,draw,2.0,3.5,3.0
2023-10-29 14:00:00,EPL,Liverpool,Nottingham Forest,2.70428,0.642014,0.642014,2.70428,3,0,home,2.0,3.5,3.0
2023-10-29 15:30:00,EPL,Manchester United,Manchester City,0.714628,4.54595,4.54595,0.714628,0,3,away,2.0,3.5,3.0
2023-11-04 12:30:00,EPL,Fulham,Manchester United,1.18241,0.697095,0.697095,1.18241,0,1,away,2.0,3.5,3.0
2023-11-04 15:00:00,EPL,Manchester City,Bournemouth,2.39949,0.643127,0.643127,2.39949,6,1,home,2.0,3.5,3.0
2023-11-04 15:00:00,EPL,Everton,Brighton,0.617607,0.442489,0.442489,0.617607,1,1,draw,2.0,3.5,3.0
2023-11-04 15:00:00,EPL,Sheffield United,Wolverhampton Wanderers,1.10165,1.14803,1.14803,1.10165,2,1,home,2.0,3.5,3.0
2023-11-04 15:00:00,EPL,Brentford,West Ham,1.82944,1.75505,1.75505,1.82944,3,2,home,2.0,3.5,3.0
2023-11-04 15:00:00,EPL,Burnley,Crystal Palace,1.4998,1.43653,1.43653,1.4998,0,2,away,2.0,3.5,3.0
2023-11-04 17:30:00,EPL,Newcastle United,Arsenal,1.12355,0.535473,0.535473,1.12355,1,0,home,2.0,3.5,3.0
2023-11-05 14:00:00,EPL,Nottingham Forest,Aston Villa,0.592447,1.33116,1.33116,0.592447,2,0,home,2.0,3.5,3.0
2023-11-05 16:30:00,EPL,Luton,Liverpool,1.3411,3.03925,3.03925,1.3411,1,1,draw,2.0,3.5,3.0
2023-11-06 20:00:00,EPL,Tottenham,Chelsea,0.959108,4.05865,4.05865,0.959108,1,4,away,2.0,3.5,3.0
2023-11-11 12:30:00,EPL,Wolverhampton Wanderers,Tottenham,1.90884,0.432315,0.432315,1.90884,2,1,home,2.0,3.5,3.0
2023-11-11 15:00:00,EPL,Arsenal,Burnley,2.63194,0.327706,0.327706,2.63194,3,1,home,2.0,3.5,3.0
2023-11-11 15:00:00,EPL,Crystal Palace,Everton,1.89194,1.7904,1.7904,1.89194,2,3,away,2.0,3.5,3.0
2023-11-11 15:00:00,EPL,Manchester United,Luton,2.74105,0.408265,0.408265,2.74105,1,0,home,2.0,3.5,3.0
2023-11-11 17:30:00,EPL,Bournemouth,Newcastle United,2.78424,0.306141,0.306141,2.78424,2,0,home,2.0,3.5,3.0
2023-11-12 14:00:00,EPL,West Ham,Nottingham Forest,2.06402,1.42128,1.42128,2.06402,3,2,home,2.0,3.5,3.0
2023-11-12 14:00:00,EPL,Liverpool,Brentford,1.56004,1.44954,1.44954,1.56004,3,0,home,2.0,3.5,3.0
2023-11-12 14:00:00,EPL,Brighton,Sheffield United,1.08601,0.84434,0.84434,1.08601,1,1,draw,2.0,3.5,3.0
2023-11-12 14:00:00,EPL,Aston Villa,Fulham,2.86039,0.648745,0.648745,2.86039,3,1,home,2.0,3.5,3.0
2023-11-12 16:30:00,EPL,Chelsea,Manchester City,3.47238,3.19324,3.19324,3.47238,4,4,draw,2.0,3.5,3.0
2023-11-25 12:30:00,EPL,Manchester City,Liverpool,1.79622,0.766278,0.766278,1.79622,1,1,draw,2.0,3.5,3.0
2023-11-25 15:00:00,EPL,Burnley,West Ham,1.44228,1.36963,1.36963,1.44228,1,2,away,2.0,3.5,3.0
2023-11-25 15:00:00,EPL,Luton,Crystal Palace,0.996153,1.83546,1.83546,0.996153,2,1,home,2.0,3.5,3.0
2023-11-25 15:00:00,EPL,Newcastle United,Chelsea,2.15227,0.968061,0.968061,2.15227,4,1,home,2.0,3.5,3.0
2023-11-25 15:00:00,EPL,Nottingham Forest,Brighton,2.22655,1.21792,1.21792,2.22655,2,3,away,2.0,3.5,3.0
2023-11-25 15:00:00,EPL,Sheffield United,Bournemouth,0.816227,3.13975,3.13975,0.816227,1,3,away,2.0,3.5,3.0
2023-11-25 17:30:00,EPL,Brentford,Arsenal,1.66315,1.82699,1.82699,1.66315,0,1,away,2.0,3.5,3.0
2023-11-26 14:00:00,EPL,Tottenham,Aston Villa,2.22542,2.39755,2.39755,2.22542,1,2,away,2.0,3.5,3.0
2023-11-26 16:30:00,EPL,Everton,Manchester United,2.49764,2.07334,2.07334,2.49764,0,3,away,2.0,3.5,3.0
2023-11-27 20:00:00,EPL,Fulham,Wolverhampton Wanderers,2.49057,1.57875,1.57875,2.49057,3,2,home,2.0,3.5,3.0
2023-12-02 15:00:00,EPL,Arsenal,Wolverhampton Wanderers,3.30368,1.07886,1.07886,3.30368,2,1,home,2.0,3.5,3.0
2023-12-02 15:00:00,EPL,Brentford,Luton,3.25952,0.227176,0.227176,3.25952,3,1,home,2.0,3.5,3.0
2023-12-02 15:00:00,EPL,Burnley,Sheffield United,2.60469,0.618131,0.618131,2.60469,5,0,home,2.0,3.5,3.0
2023-12-02 17:30:00,EPL,Nottingham Forest,Everton,0.673085,0.623789,0.623789,0.673085,0,1,away,2.0,3.5,3.0
2023-12-02 20:00:00,EPL,Newcastle United,Manchester United,2.90191,0.422674,0.422674,2.90191,1,0,home,2.0,3.5,3.0
2023-12-03 14:00:00,EPL,Bournemouth,Aston Villa,2.54937,0.89511,0.89511,2.54937,2,2,draw,2.0,3.5,3.0
2023-12-03 14:00:00,EPL,Chelsea,Brighton,1.66304,0.855058,0.855058,1.66304,3,2,home,2.0,3.5,3.0
2023-12-03 14:00:00,EPL,Liverpool,Fulham,2.72831,1.51005,1.51005,2.72831,4,3,home,2.0,3.5,3.0
2023-12-03 14:00:00,EPL,West Ham,Crystal Palace,1.1466,0.987682,0.987682,1.1466,1,1,draw,2.0,3.5,3.0
2023-12-03 16:30:00,EPL,Manchester City,Tottenham,2.90729,0.433077,0.433077,2.90729,3,3,draw,2.0,3.5,3.0
2023-12-05 19:30:00,EPL,Wolverhampton Wanderers,Burnley,1.11886,0.781542,0.781542,1.11886,1,0,home,2.0,3.5,3.0
2023-12-05 20:15:00,EPL,Luton,Arsenal,0.526254,2.58815,2.58815,0.526254,3,4,away,2.0,3.5,3.0
2023-12-06 19:30:00,EPL,Brighton,Brentford,1.54099,1.22007,1.22007,1.54099,2,1,home,2.0,3.5,3.0
2023-12-06 19:30:00,EPL,Fulham,Nottingham Forest,3.09427,0.218659,0.218659,3.09427,5,0,home,2.0,3.5,3.0
2023-12-06 19:30:00,EPL,Sheffield United,Liverpool,0.834172,1.80116,1.80116,0.834172,0,2,away,2.0,3.5,3.0
2023-12-06 19:30:00,EPL,Crystal Palace,Bournemouth,1.26441,1.79997,1.79997,1.26441,0,2,away,2.0,3.5,3.0
2023-12-06 20:15:00,EPL,Aston Villa,Manchester City,2.1922,1.00198,1.00198,2.1922,1,0,home,2.0,3.5,3.0
2023-12-06 20:15:00,EPL,Manchester United,Chelsea,4.03949,2.3512,2.3512,4.03949,2,1,home,2.0,3.5,3.0
2023-12-07 19:30:00,EPL,Everton,Newcastle United,2.95393,1.29564,1.29564,2.95393,3,0,home,2.0,3.5,3.0
2023-12-07 20:15:00,EPL,Tottenham,West Ham,1.61268,1.7409,1.7409,1.61268,1,2,away,2.0,3.5,3.0
2023-12-09 12:30:00,EPL,Crystal Palace,Liverpool,1.79152,1.3708,1.3708,1.79152,1,2,away,2.0,3.5,3.0
2023-12-09 15:00:00,EPL,Brighton,Burnley,2.96247,1.05162,1.05162,2.96247,1,1,draw,2.0,3.5,3.0
2023-12-09 15:00:00,EPL,Manchester United,Bournemouth,1.11296,1.9742,1.9742,1.11296,0,3,away,2.0,3.5,3.0
2023-12-09 15:00:00,EPL,Sheffield United,Brentford,0.841976,0.644638,0.644638,0.841976,1,0,home,2.0,3.5,3.0
2023-12-09 15:00:00,EPL,Wolverhampton Wanderers,Nottingham Forest,1.02199,1.21801,1.21801,1.02199,1,1,draw,2.0,3.5,3.0
2023-12-09 17:30:00,EPL,Aston Villa,Arsenal,0.628499,1.71667,1.71667,0.628499,1,0,home,2.0,3.5,3.0
2023-12-10 14:00:00,EPL,Everton,Chelsea,1.11437,0.885512,0.885512,1.11437,2,0,home,2.0,3.5,3.0
2023-12-10 14:00:00,EPL,Fulham,West Ham,2.1884,0.983,0.983,2.1884,5,0,home,2.0,3.5,3.0
2023-12-10 14:00:00,EPL,Luton,Manchester City,0.689037,2.23353,2.23353,0.689037,1,2,away,2.0,3.5,3.0
2023-12-10 16:30:00,EPL,Tottenham,Newcastle United,4.40118,1.61368,1.61368,4.40118,4,1,home,2.0,3.5,3.0
2023-12-15 20:00:00,EPL,Nottingham Forest,Tottenham,1.70569,1.60738,1.60738,1.70569,0,2,away,2.0,3.5,3.0
2023-12-16 15:00:00,EPL,Newcastle United,Fulham,4.27933,0.471042,0.471042,4.27933,3,0,home,2.0,3.5,3.0
2023-12-16 15:00:00,EPL,Manchester City,Crystal Palace,2.41646,1.64977,1.64977,2.41646,2,2,draw,2.0,3.5,3.0
2023-12-16 15:00:00,EPL,Chelsea,Sheffield United,3.27322,0.44014,0.44014,3.27322,2,0,home,2.0,3.5,3.0
2023-12-16 17:30:00,EPL,Burnley,Everton,0.811435,2.22305,2.22305,0.811435,0,2,away,2.0,3.5,3.0
2023-12-17 14:00:00,EPL,Arsenal,Brighton,2.76976,0.663054,0.663054,2.76976,2,0,home,2.0,3.5,3.0
2023-12-17 14:00:00,EPL,Brentford,Aston Villa,0.796812,1.4664,1.4664,0.796812,1,2,away,2.0,3.5,3.0
2023-12-17 14:00:00,EPL,West Ham,Wolverhampton Wanderers,1.03828,0.556206,0.556206,1.03828,3,0,home,2.0,3.5,3.0
2023-12-17 16:30:00,EPL,Liverpool,Manchester United,1.97111,0.632715,0.632715,1.97111,0,0,draw,2.0,3.5,3.0
2023-12-21 20:00:00,EPL,Crystal Palace,Brighton,1.65409,1.33653,1.33653,1.65409,1,1,draw,2.0,3.5,3.0
2023-12-22 20:00:00,EPL,Aston Villa,Sheffield United,1.21861,0.646159,0.646159,1.21861,1,1,draw,2.0,3.5,3.0
2023-12-23 12:30:00,EPL,West Ham,Manchester United,1.51468,0.730496,0.730496,1.51468,2,0,home,2.0,3.5,3.0
2023-12-23 15:00:00,EPL,Tottenham,Everton,1.57527,1.98385,1.98385,1.57527,2,1,home,2.0,3.5,3.0
2023-12-23 15:00:00,EPL,Nottingham Forest,Bournemouth,0.791806,1.89067,1.89067,0.791806,2,3,away,2.0,3.5,3.0
2023-12-23 15:00:00,EPL,Fulham,Burnley,1.38096,0.41714,0.41714,1.38096,0,2,away,2.0,3.5,3.0
2023-12-23 15:00:00,EPL,Luton,Newcastle United,1.81844,1.41488,1.41488,1.81844,1,0,home,2.0,3.5,3.0
2023-12-23 17:30:00,EPL,Liverpool,Arsenal,0.982901,0.851681,0.851681,0.982901,1,1,draw,2.0,3.5,3.0
2023-12-24 13:00:00,EPL,Wolverhampton Wanderers,Chelsea,1.74626,1.75447,1.75447,1.74626,2,1,home,2.0,3.5,3.0
2023-12-26 12:30:00,EPL,Newcastle United,Nottingham Forest,2.79106,3.1074,3.1074,2.79106,1,3,away,2.0,3.5,3.0
2023-12-26 15:00:00,EPL,Bournemouth,Fulham,2.07911,0.324365,0.324365,2.07911,3,0,home,2.0,3.5,3.0
2023-12-26 15:00:00,EPL,Sheffield United,Luton,3.61788,0.715575,0.715575,3.61788,2,3,away,2.0,3.5,3.0
2023-12-26 17:30:00,EPL,Burnley,Liverpool,0.972389,1.68451,1.68451,0.972389,0,2,away,2.0,3.5,3.0
2023-12-26 20:00:00,EPL,Manchester United,Aston Villa,1.20104,1.83637,1.83637,1.20104,3,2,home,2.0,3.5,3.0
2023-12-27 19:30:00,EPL,Chelsea,Crystal Palace,2.73005,0.958077,0.958077,2.73005,2,1,home,2.0,3.5,3.0
2023-12-27 19:30:00,EPL,Brentford,Wolverhampton Wanderers,2.59347,1.89483,1.89483,2.59347,1,4,away,2.0,3.5,3.0
2023-12-27 20:15:00,EPL,Everton,Manchester City,1.23529,2.28321,2.28321,1.23529,1,3,away,2.0,3.5,3.0
2023-12-28 19:30:00,EPL,Brighton,Tottenham,3.84702,2.06955,2.06955,3.84702,4,2,home,2.0,3.5,3.0
2023-12-28 20:15:00,EPL,Arsenal,West Ham,2.7884,1.59711,1.59711,2.7884,0,2,away,2.0,3.5,3.0
2023-12-30 12:30:00,EPL,Luton,Chelsea,2.64093,1.57463,1.57463,2.64093,2,3,away,2.0,3.5,3.0
2023-12-30 15:00:00,EPL,Aston Villa,Burnley,2.92587,1.11923,1.11923,2.92587,3,2,home,2.0,3.5,3.0
2023-12-30 15:00:00,EPL,Crystal Palace,Brentford,1.61057,1.28731,1.28731,1.61057,3,1,home,2.0,3.5,3.0
2023-12-30 15:00:00,EPL,Manchester City,Sheffield United,2.24229,0.263211,0.263211,2.24229,2,0,home,2.0,3.5,3.0
2023-12-30 15:00:00,EPL,Wolverhampton Wanderers,Everton,2.64477,0.519641,0.519641,2.64477,3,0,home,2.0,3.5,3.0
2023-12-30 17:30:00,EPL,Nottingham Forest,Manchester United,0.744348,0.651905,0.651905,0.744348,2,1,home,2.0,3.5,3.0
2023-12-31 14:00:00,EPL,Fulham,Arsenal,1.52829,1.6591,1.6591,1.52829,2,1,home,2.0,3.5,3.0
2023-12-31 14:00:00,EPL,Tottenham,Bournemouth,2.15027,1.58229,1.58229,2.15027,3,1,home,2.0,3.5,3.0
2024-01-01 19:00:00,EPL,Liverpool,Newcastle United,6.67151,0.910974,0.910974,6.67151,4,2,home,2.0,3.5,3.0
2024-01-02 18:30:00,EPL,West Ham,Brighton,0.9831,2.1552,2.1552,0.9831,0,0,draw,2.0,3.5,3.0
2024-01-12 19:45:00,EPL,Burnley,Luton,1.52023,0.965167,0.965167,1.52023,1,1,draw,2.0,3.5,3.0
2024-01-13 12:30:00,EPL,Chelsea,Fulham,2.0456,0.697847,0.697847,2.0456,1,0,home,2.0,3.5,3.0
2024-01-13 17:30:00,EPL,Newcastle United,Manchester City,1.23638,2.55452,2.55452,1.23638,2,3,away,2.0,3.5,3.0
2024-01-14 14:00:00,EPL,Everton,Aston Villa,1.03664,1.3435,1.3435,1.03664,0,0,draw,2.0,3.5,3.0
2024-01-14 16:30:00,EPL,Manchester United,Tottenham,0.923233,1.31224,1.31224,0.923233,2,2,draw,2.0,3.5,3.0
2024-01-20 12:30:00,EPL,Arsenal,Crystal Palace,3.52167,0.288083,0.288083,3.52167,5,0,home,2.0,3.5,3.0
2024-01-20 17:30:00,EPL,Brentford,Nottingham Forest,1.94219,1.22251,1.22251,1.94219,3,2,home,2.0,3.5,3.0
2024-01-21 14:00:00,EPL,Sheffield United,West Ham,2.61362,2.4241,2.4241,2.61362,2,2,draw,2.0,3.5,3.0
2024-01-21 16:30:00,EPL,Bournemouth,Liverpool,0.834585,1.53344,1.53344,0.834585,0,4,away,2.0,3.5,3.0
2024-01-22 19:45:00,EPL,Brighton,Wolverhampton Wanderers,1.3701,1.14116,1.14116,1.3701,0,0,draw,2.0,3.5,3.0
2024-01-30 19:30:00,EPL,Nottingham Forest,Arsenal,0.631618,1.39143,1.39143,0.631618,1,2,away,2.0,3.5,3.0
2024-01-30 19:45:00,EPL,Fulham,Everton,2.37499,2.83317,2.83317,2.37499,0,0,draw,2.0,3.5,3.0
2024-01-30 19:45:00,EPL,Luton,Brighton,3.63312,1.01366,1.01366,3.63312,4,0,home,2.0,3.5,3.0
2024-01-30 20:00:00,EPL,Crystal Palace,Sheffield United,1.1601,0.768467,0.768467,1.1601,3,2,home,2.0,3.5,3.0
2024-01-30 20:15:00,EPL,Aston Villa,Newcastle United,1.44485,3.3224,3.3224,1.44485,1,3,away,2.0,3.5,3.0
2024-01-31 19:30:00,EPL,Tottenham,Brentford,3.36194,1.59637,1.59637,3.36194,3,2,home,2.0,3.5,3.0
2024-01-31 19:30:00,EPL,Manchester City,Burnley,1.84756,1.49114,1.49114,1.84756,3,1,home,2.0,3.5,3.0
2024-01-31 20:15:00,EPL,Liverpool,Chelsea,3.6627,0.477972,0.477972,3.6627,4,1,home,2.0,3.5,3.0
2024-02-01 19:30:00,EPL,West Ham,Bournemouth,1.3128,1.13487,1.13487,1.3128,1,1,draw,2.0,3.5,3.0
2024-02-01 20:15:00,EPL,Wolverhampton Wanderers,Manchester United,2.27609,3.22698,3.22698,2.27609,3,4,away,2.0,3.5,3.0
2024-02-03 12:30:00,EPL,Everton,Tottenham,3.25881,0.922371,0.922371,3.25881,2,2,draw,2.0,3.5,3.0
2024-02-03 15:00:00,EPL,Newcastle United,Luton,2.37353,2.67463,2.67463,2.37353,4,4,draw,2.0,3.5,3.0
2024-02-03 15:00:00,EPL,Brighton,Crystal Palace,1.92591,0.241137,0.241137,1.92591,4,1,home,2.0,3.5,3.0
2024-02-03 15:00:00,EPL,Burnley,Fulham,1.00428,1.28806,1.28806,1.00428,2,2,draw,2.0,3.5,3.0
2024-02-03 17:30:00,EPL,Sheffield United,Aston Villa,1.52784,2.99015,2.99015,1.52784,0,5,away,2.0,3.5,3.0
2024-02-04 14:00:00,EPL,Bournemouth,Nottingham Forest,1.1895,0.456548,0.456548,1.1895,1,1,draw,2.0,3.5,3.0
2024-02-04 14:00:00,EPL,Chelsea,Wolverhampton Wanderers,2.35967,2.48996,2.48996,2.35967,2,4,away,2.0,3.5,3.0
2024-02-04 14:00:00,EPL,Manchester United,West Ham,0.96721,1.1807,1.1807,0.96721,3,0,home,2.0,3.5,3.0
2024-02-04 16:30:00,EPL,Arsenal,Liverpool,2.8526,0.542052,0.542052,2.8526,3,1,home,2.0,3.5,3.0
2024-02-05 20:00:00,EPL,Brentford,Manchester City,0.865741,2.10785,2.10785,0.865741,1,3,away,2.0,3.5,3.0
2024-02-10 12:30:00,EPL,Manchester City,Everton,1.58971,0.192072,0.192072,1.58971,2,0,home,2.0,3.5,3.0
2024-02-10 15:00:00,EPL,Wolverhampton Wanderers,Brentford,1.05781,1.84908,1.84908,1.05781,0,2,away,2.0,3.5,3.0
2024-02-10 15:00:00,EPL,Luton,Sheffield United,1.76215,1.98283,1.98283,1.76215,1,3,away,2.0,3.5,3.0
2024-02-10 15:00:00,EPL,Tottenham,Brighton,2.10928,1.49285,1.49285,2.10928,2,1,home,2.0,3.5,3.0
2024-02-10 15:00:00,EPL,Liverpool,Burnley,3.14734,1.11123,1.11123,3.14734,3,1,home,2.0,3.5,3.0
2024-02-10 15:00:00,EPL,Fulham,Bournemouth,1.7456,2.60612,2.60612,1.7456,3,1,home,2.0,3.5,3.0
2024-02-10 17:30:00,EPL,Nottingham Forest,Newcastle United,0.968075,0.511375,0.511375,0.968075,2,3,away,2.0,3.5,3.0
2024-02-11 14:00:00,EPL,West Ham,Arsenal,0.191065,3.99893,3.99893,0.191065,0,6,away,2.0,3.5,3.0
2024-02-11 16:30:00,EPL,Aston Villa,Manchester United,2.64675,2.44591,2.44591,2.64675,1,2,away,2.0,3.5,3.0
2024-02-12 20:00:00,EPL,Crystal Palace,Chelsea,0.719516,1.26948,1.26948,0.719516,1,3,away,2.0,3.5,3.0
2024-02-17 12:30:00,EPL,Brentford,Liverpool,1.69518,3.08952,3.08952,1.69518,1,4,away,2.0,3.5,3.0
2024-02-17 15:00:00,EPL,Nottingham Forest,West Ham,2.66942,0.520016,0.520016,2.66942,2,0,home,2.0,3.5,3.0
2024-02-17 15:00:00,EPL,Newcastle United,Bournemouth,2.38425,2.08098,2.08098,2.38425,2,2,draw,2.0,3.5,3.0
2024-02-17 15:00:00,EPL,Tottenham,Wolverhampton Wanderers,1.59768,1.77591,1.77591,1.59768,1,2,away,2.0,3.5,3.0
2024-02-17 15:00:00,EPL,Burnley,Arsenal,0.335143,2.20575,2.20575,0.335143,0,5,away,2.0,3.5,3.0
2024-02-17 15:00:00,EPL,Fulham,Aston Villa,1.41796,1.57297,1.57297,1.41796,1,2,away,2.0,3.5,3.0
2024-02-17 17:30:00,EPL,Manchester City,Chelsea,2.77713,1.82903,1.82903,2.77713,1,1,draw,2.0,3.5,3.0
2024-02-18 14:00:00,EPL,Sheffield United,Brighton,0.586214,3.35549,3.35549,0.586214,0,5,away,2.0,3.5,3.0
2024-02-18 16:30:00,EPL,Luton,Manchester United,1.57234,3.58973,3.58973,1.57234,1,2,away,2.0,3.5,3.0
2024-02-19 20:00:00,EPL,Everton,Crystal Palace,2.44588,0.734685,0.734685,2.44588,1,1,draw,2.0,3.5,3.0
2024-02-20 18:30:00,EPL,Manchester City,Brentford,2.53766,0.503799,0.503799,2.53766,1,0,home,2.0,3.5,3.0
2024-02-21 15:00:00,EPL,Liverpool,Luton,3.70302,0.956512,0.956512,3.70302,4,1,home,2.0,3.5,3.0
2024-02-24 15:00:00,EPL,Manchester United,Fulham,1.96036,1.1385,1.1385,1.96036,1,2,away,2.0,3.5,3.0
2024-02-24 15:00:00,EPL,Aston Villa,Nottingham Forest,3.48861,2.25569,2.25569,3.48861,4,2,home,2.0,3.5,3.0
2024-02-24 15:00:00,EPL,Brighton,Everton,1.6538,0.286655,0.286655,1.6538,1,1,draw,2.0,3.5,3.0
2024-02-24 15:00:00,EPL,Crystal Palace,Burnley,2.41612,0.0760216,0.0760216,2.41612,3,0,home,2.0,3.5,3.0
2024-02-24 17:30:00,EPL,Bournemouth,Manchester City,0.925889,1.79636,1.79636,0.925889,0,1,away,2.0,3.5,3.0
2024-02-24 20:00:00,EPL,Arsenal,Newcastle United,2.59336,0.217373,0.217373,2.59336,4,1,home,2.0,3.5,3.0
2024-02-25 13:30:00,EPL,Wolverhampton Wanderers,Sheffield United,1.21618,0.654342,0.654342,1.21618,1,0,home,2.0,3.5,3.0
2024-02-26 20:00:00,EPL,West Ham,Brentford,2.06873,1.33683,1.33683,2.06873,4,2,home,2.0,3.5,3.0
2024-03-02 15:00:00,EPL,Brentford,Chelsea,2.4732,2.1523,2.1523,2.4732,2,2,draw,2.0,3.5,3.0
2024-03-02 15:00:00,EPL,Everton,West Ham,3.12075,2.17948,2.17948,3.12075,1,3,away,2.0,3.5,3.0
2024-03-02 15:00:00,EPL,Fulham,Brighton,1.37604,1.15198,1.15198,1.37604,3,0,home,2.0,3.5,3.0
2024-03-02 15:00:00,EPL,Newcastle United,Wolverhampton Wanderers,3.33495,0.507769,0.507769,3.33495,3,0,home,2.0,3.5,3.0
2024-03-02 15:00:00,EPL,Nottingham Forest,Liverpool,0.971466,1.32259,1.32259,0.971466,0,1,away,2.0,3.5,3.0
2024-03-02 15:00:00,EPL,Tottenham,Crystal Palace,2.6625,0.277887,0.277887,2.6625,3,1,home,2.0,3.5,3.0
2024-03-02 17:30:00,EPL,Luton,Aston Villa,2.43312,2.08586,2.08586,2.43312,2,3,away,2.0,3.5,3.0
2024-03-03 13:00:00,EPL,Burnley,Bournemouth,1.60461,1.43616,1.43616,1.60461,0,2,away,2.0,3.5,3.0
2024-03-03 15:30:00,EPL,Manchester City,Manchester United,2.64173,0.153764,0.153764,2.64173,3,1,home,2.0,3.5,3.0
2024-03-04 20:00:00,EPL,Sheffield United,Arsenal,0.201374,2.47294,2.47294,0.201374,0,6,away,2.0,3.5,3.0
2024-03-09 12:30:00,EPL,Manchester United,Everton,2.9016,1.8214,1.8214,2.9016,2,0,home,2.0,3.5,3.0
2024-03-09 15:00:00,EPL,Bournemouth,Sheffield United,3.92657,1.91752,1.91752,3.92657,2,2,draw,2.0,3.5,3.0
2024-03-09 15:00:00,EPL,Crystal Palace,Luton,3.25103,1.08531,1.08531,3.25103,1,1,draw,2.0,3.5,3.0
2024-03-09 15:00:00,EPL,Wolverhampton Wanderers,Fulham,1.29589,2.94155,2.94155,1.29589,2,1,home,2.0,3.5,3.0
2024-03-09 17:30:00,EPL,Arsenal,Brentford,1.59369,0.733239,0.733239,1.59369,2,1,home,2.0,3.5,3.0
2024-03-10 13:00:00,EPL,Aston Villa,Tottenham,1.23267,2.25381,2.25381,1.23267,0,4,away,2.0,3.5,3.0
2024-03-10 14:00:00,EPL,Brighton,Nottingham Forest,0.534518,0.687034,0.687034,0.534518,1,0,home,2.0,3.5,3.0
2024-03-10 14:00:00,EPL,West Ham,Burnley,1.87414,0.88131,0.88131,1.87414,2,2,draw,2.0,3.5,3.0
2024-03-10 15:45:00,EPL,Liverpool,Manchester City,2.25492,1.37289,1.37289,2.25492,1,1,draw,2.0,3.5,3.0
2024-03-11 20:00:00,EPL,Chelsea,Newcastle United,1.78315,0.568435,0.568435,1.78315,3,2,home,2.0,3.5,3.0
2024-03-13 19:30:00,EPL,Bournemouth,Luton,2.84403,2.79419,2.79419,2.84403,4,3,home,2.0,3.5,3.0
2024-03-16 15:00:00,EPL,Luton,Nottingham Forest,0.853782,1.95268,1.95268,0.853782,1,1,draw,2.0,3.5,3.0
2024-03-16 15:00:00,EPL,Burnley,Brentford,2.69776,1.25123,1.25123,2.69776,2,1,home,2.0,3.5,3.0
2024-03-16 17:30:00,EPL,Fulham,Tottenham,2.47234,2.14564,2.14564,2.47234,3,0,home,2.0,3.5,3.0
2024-03-17 14:00:00,EPL,West Ham,Aston Villa,1.32829,0.911274,0.911274,1.32829,1,1,draw,2.0,3.5,3.0
2024-03-30 12:30:00,EPL,Newcastle United,West Ham,3.80922,0.994584,0.994584,3.80922,4,3,home,2.0,3.5,3.0
2024-03-30 15:00:00,EPL,Bournemouth,Everton,1.39268,0.93378,0.93378,1.39268,2,1,home,2.0,3.5,3.0
2024-03-30 15:00:00,EPL,Chelsea,Burnley,4.46643,2.10422,2.10422,4.46643,2,2,draw,2.0,3.5,3.0
2024-03-30 15:00:00,EPL,Nottingham Forest,Crystal Palace,0.784652,0.900972,0.900972,0.784652,1,1,draw,2.0,3.5,3.0
2024-03-30 15:00:00,EPL,Sheffield United,Fulham,1.78824,1.10254,1.10254,1.78824,3,3,draw,2.0,3.5,3.0
2024-03-30 15:00:00,EPL,Tottenham,Luton,2.46523,0.402402,0.402402,2.46523,2,1,home,2.0,3.5,3.0
2024-03-30 17:30:00,EPL,Aston Villa,Wolverhampton Wanderers,1.28271,1.66232,1.66232,1.28271,2,0,home,2.0,3.5,3.0
2024-03-30 20:00:00,EPL,Brentford,Manchester United,3.16487,0.989565,0.989565,3.16487,1,1,draw,2.0,3.5,3.0
2024-03-31 14:00:00,EPL,Liverpool,Brighton,3.21149,0.43922,0.43922,3.21149,2,1,home,2.0,3.5,3.0
2024-03-31 16:30:00,EPL,Manchester City,Arsenal,1.22009,0.511402,0.511402,1.22009,0,0,draw,2.0,3.5,3.0
2024-04-02 18:30:00,EPL,Nottingham Forest,Fulham,1.94619,1.04304,1.04304,1.94619,3,1,home,2.0,3.5,3.0
2024-04-02 18:30:00,EPL,Newcastle United,Everton,2.65009,1.69834,1.69834,2.65009,1,1,draw,2.0,3.5,3.0
2024-04-02 18:45:00,EPL,Bournemouth,Crystal Palace,1.30969,0.174389,0.174389,1.30969,1,0,home,2.0,3.5,3.0
2024-04-02 18:45:00,EPL,Burnley,Wolverhampton Wanderers,1.12581,1.01021,1.01021,1.12581,1,1,draw,2.0,3.5,3.0
2024-04-02 19:15:00,EPL,West Ham,Tottenham,1.47017,1.39423,1.39423,1.47017,1,1,draw,2.0,3.5,3.0
2024-04-03 18:30:00,EPL,Arsenal,Luton,1.14384,0.292082,0.292082,1.14384,2,0,home,2.0,3.5,3.0
2024-04-03 18:30:00,EPL,Brentford,Brighton,0.423299,1.22404,1.22404,0.423299,0,0,draw,2.0,3.5,3.0
2024-04-03 19:15:00,EPL,Manchester City,Aston Villa,3.87704,1.18643,1.18643,3.87704,4,1,home,2.0,3.5,3.0
2024-04-04 18:30:00,EPL,Liverpool,Sheffield United,2.51772,0.720948,0.720948,2.51772,3,1,home,2.0,3.5,3.0
2024-04-04 19:15:00,EPL,Chelsea,Manchester United,3.48048,1.56686,1.56686,3.48048,4,3,home,2.0,3.5,3.0
2024-04-06 11:30:00,EPL,Crystal Palace,Manchester City,1.49472,2.26381,2.26381,1.49472,2,4,away,2.0,3.5,3.0
2024-04-06 14:00:00,EPL,Aston Villa,Brentford,1.16333,1.42064,1.42064,1.16333,3,3,draw,2.0,3.5,3.0
2024-04-06 14:00:00,EPL,Everton,Burnley,0.659844,0.34699,0.34699,0.659844,1,0,home,2.0,3.5,3.0
2024-04-06 14:00:00,EPL,Fulham,Newcastle United,0.834564,1.18012,1.18012,0.834564,0,1,away,2.0,3.5,3.0
2024-04-06 14:00:00,EPL,Luton,Bournemouth,1.30478,0.616108,0.616108,1.30478,2,1,home,2.0,3.5,3.0
2024-04-06 14:00:00,EPL,Wolverhampton Wanderers,West Ham,1.78341,1.14133,1.14133,1.78341,1,2,away,2.0,3.5,3.0
2024-04-06 16:30:00,EPL,Brighton,Arsenal,0.428514,4.16518,4.16518,0.428514,0,3,away,2.0,3.5,3.0
2024-04-07 14:30:00,EPL,Manchester United,Liverpool,0.814509,4.43457,4.43457,0.814509,2,2,draw,2.0,3.5,3.0
2024-04-07 16:30:00,EPL,Sheffield United,Chelsea,1.74265,0.521789,0.521789,1.74265,2,2,draw,2.0,3.5,3.0
2024-04-07 19:00:00,EPL,Tottenham,Nottingham Forest,1.61978,2.00122,2.00122,1.61978,3,1,home,2.0,3.5,3.0
2024-04-13 11:30:00,EPL,Newcastle United,Tottenham,3.1483,0.737596,0.737596,3.1483,4,0,home,2.0,3.5,3.0
2024-04-13 14:00:00,EPL,Nottingham Forest,Wolverhampton Wanderers,1.76244,1.45688,1.45688,1.76244,2,2,draw,2.0,3.5,3.0
2024-04-13 14:00:00,EPL,Manchester City,Luton,4.64245,0.809775,0.809775,4.64245,5,1,home,2.0,3.5,3.0
2024-04-13 14:00:00,EPL,Brentford,Sheffield United,1.09071,0.834498,0.834498,1.09071,2,0,home,2.0,3.5,3.0
2024-04-13 14:00:00,EPL,Burnley,Brighton,1.8522,0.889445,0.889445,1.8522,1,1,draw,2.0,3.5,3.0
2024-04-13 16:30:00,EPL,Bournemouth,Manchester United,2.38519,1.52274,1.52274,2.38519,2,2,draw,2.0,3.5,3.0
2024-04-14 13:00:00,EPL,Liverpool,Crystal Palace,3.04497,2.12879,2.12879,3.04497,0,1,away,2.0,3.5,3.0
2024-04-14 13:00:00,EPL,West Ham,Fulham,1.45307,3.61413,3.61413,1.45307,0,2,away,2.0,3.5,3.0
2024-04-14 15:30:00,EPL,Arsenal,Aston Villa,1.89003,0.929049,0.929049,1.89003,0,2,away,2.0,3.5,3.0
2024-04-15 19:00:00,EPL,Chelsea,Everton,3.37093,1.21791,1.21791,3.37093,6,0,home,2.0,3.5,3.0
2024-04-20 14:00:00,EPL,Sheffield United,Burnley,1.97816,2.42338,2.42338,1.97816,1,4,away,2.0,3.5,3.0
2024-04-20 14:00:00,EPL,Luton,Brentford,0.497799,3.7809,3.7809,0.497799,1,5,away,2.0,3.5,3.0
2024-04-20 18:30:00,EPL,Wolverhampton Wanderers,Arsenal,0.164516,1.66179,1.66179,0.164516,0,2,away,2.0,3.5,3.0
2024-04-21 12:30:00,EPL,Everton,Nottingham Forest,0.473233,1.18916,1.18916,0.473233,2,0,home,2.0,3.5,3.0
2024-04-21 14:00:00,EPL,Aston Villa,Bournemouth,2.62687,2.05211,2.05211,2.62687,3,1,home,2.0,3.5,3.0
2024-04-21 14:00:00,EPL,Crystal Palace,West Ham,3.7185,1.34536,1.34536,3.7185,5,2,home,2.0,3.5,3.0
2024-04-21 15:30:00,EPL,Fulham,Liverpool,0.83885,1.02445,1.02445,0.83885,1,3,away,2.0,3.5,3.0
2024-04-23 19:00:00,EPL,Arsenal,Chelsea,3.45858,1.60343,1.60343,3.45858,5,0,home,2.0,3.5,3.0
2024-04-24 18:45:00,EPL,Wolverhampton Wanderers,Bournemouth,0.484454,2.40311,2.40311,0.484454,0,1,away,2.0,3.5,3.0
2024-04-24 19:00:00,EPL,Crystal Palace,Newcastle United,1.43661,0.55129,0.55129,1.43661,2,0,home,2.0,3.5,3.0
2024-04-24 19:00:00,EPL,Everton,Liverpool,1.89111,1.87155,1.87155,1.89111,2,0,home,2.0,3.5,3.0
2024-04-24 19:00:00,EPL,Manchester United,Sheffield United,3.51311,1.20517,1.20517,3.51311,4,2,home,2.0,3.5,3.0
2024-04-25 19:00:00,EPL,Brighton,Manchester City,0.572021,1.90507,1.90507,0.572021,0,4,away,2.0,3.5,3.0
2024-04-27 11:30:00,EPL,West Ham,Liverpool,0.794025,2.29298,2.29298,0.794025,2,2,draw,2.0,3.5,3.0
2024-04-27 14:00:00,EPL,Wolverhampton Wanderers,Luton,1.49011,0.90435,0.90435,1.49011,2,1,home,2.0,3.5,3.0
2024-04-27 14:00:00,EPL,Newcastle United,Sheffield United,2.93477,1.82408,1.82408,2.93477,5,1,home,2.0,3.5,3.0
2024-04-27 14:00:00,EPL,Fulham,Crystal Palace,1.39418,1.05387,1.05387,1.39418,1,1,draw,2.0,3.5,3.0
2024-04-27 14:00:00,EPL,Manchester United,Burnley,3.06197,1.89591,1.89591,3.06197,1,1,draw,2.0,3.5,3.0
2024-04-27 16:30:00,EPL,Everton,Brentford,1.21399,0.956356,0.956356,1.21399,1,0,home,2.0,3.5,3.0
2024-04-27 19:00:00,EPL,Aston Villa,Chelsea,0.612257,1.56401,1.56401,0.612257,2,2,draw,2.0,3.5,3.0
2024-04-28 13:00:00,EPL,Bournemouth,Brighton,2.48132,1.35682,1.35682,2.48132,3,0,home,2.0,3.5,3.0
2024-04-28 13:00:00,EPL,Tottenham,Arsenal,2.60458,1.51469,1.51469,2.60458,2,3,away,2.0,3.5,3.0
2024-04-28 15:30:00,EPL,Nottingham Forest,Manchester City,2.17312,0.932063,0.932063,2.17312,0,2,away,2.0,3.5,3.0
2024-05-02 18:30:00,EPL,Chelsea,Tottenham,2.22432,1.27064,1.27064,2.22432,2,0,home,2.0,3.5,3.0
2024-05-03 19:00:00,EPL,Luton,Everton,0.950391,1.22959,1.22959,0.950391,1,1,draw,2.0,3.5,3.0
2024-05-04 11:30:00,EPL,Arsenal,Bournemouth,3.91372,0.4687,0.4687,3.91372,3,0,home,2.0,3.5,3.0
2024-05-04 14:00:00,EPL,Brentford,Fulham,0.809379,1.45579,1.45579,0.809379,0,0,draw,2.0,3.5,3.0
2024-05-04 14:00:00,EPL,Burnley,Newcastle United,1.28632,4.25643,4.25643,1.28632,1,4,away,2.0,3.5,3.0
2024-05-04 14:00:00,EPL,Sheffield United,Nottingham Forest,2.48986,1.93818,1.93818,2.48986,1,3,away,2.0,3.5,3.0
2024-05-04 16:30:00,EPL,Manchester City,Wolverhampton Wanderers,4.52542,0.396887,0.396887,4.52542,5,1,home,2.0,3.5,3.0
2024-05-05 13:00:00,EPL,Brighton,Aston Villa,2.63566,0.0644055,0.0644055,2.63566,1,0,home,2.0,3.5,3.0
2024-05-05 13:00:00,EPL,Chelsea,West Ham,4.21838,0.893899,0.893899,4.21838,5,0,home,2.0,3.5,3.0
2024-05-05 15:30:00,EPL,Liverpool,Tottenham,3.26222,1.17205,1.17205,3.26222,4,2,home,2.0,3.5,3.0
2024-05-06 19:00:00,EPL,Crystal Palace,Manchester United,2.0656,0.341417,0.341417,2.0656,4,0,home,2.0,3.5,3.0
2024-05-11 11:30:00,EPL,Fulham,Manchester City,0.0886245,3.15218,3.15218,0.0886245,0,4,away,2.0,3.5,3.0
2024-05-11 14:00:00,EPL,Wolverhampton Wanderers,Crystal Palace,1.1561,2.51452,2.51452,1.1561,1,3,away,2.0,3.5,3.0
2024-05-11 14:00:00,EPL,West Ham,Luton,3.71009,0.640456,0.640456,3.71009,3,1,home,2.0,3.5,3.0
2024-05-11 14:00:00,EPL,Tottenham,Burnley,3.00238,0.950331,0.950331,3.00238,2,1,home,2.0,3.5,3.0
2024-05-11 14:00:00,EPL,Everton,Sheffield United,1.82411,0.465523,0.465523,1.82411,1,0,home,2.0,3.5,3.0
2024-05-11 14:00:00,EPL,Bournemouth,Brentford,1.07237,1.92722,1.92722,1.07237,1,2,away,2.0,3.5,3.0
2024-05-11 14:00:00,EPL,Newcastle United,Brighton,2.45163,1.91556,1.91556,2.45163,1,1,draw,2.0,3.5,3.0
2024-05-11 16:30:00,EPL,Nottingham Forest,Chelsea,2.44569,2.41068,2.41068,2.44569,2,3,away,2.0,3.5,3.0
2024-05-12 15:30:00,EPL,Manchester United,Arsenal,0.551669,1.73104,1.73104,0.551669,0,1,away,2.0,3.5,3.0
2024-05-13 19:00:00,EPL,Aston Villa,Liverpool,2.71655,1.89968,1.89968,2.71655,3,3,draw,2.0,3.5,3.0
2024-05-14 19:00:00,EPL,Tottenham,Manchester City,1.84285,2.70331,2.70331,1.84285,0,2,away,2.0,3.5,3.0
2024-05-15 18:45:00,EPL,Brighton,Chelsea,1.32423,1.544,1.544,1.32423,1,2,away,2.0,3.5,3.0
2024-05-15 19:00:00,EPL,Manchester United,Newcastle United,1.49706,2.27657,2.27657,1.49706,3,2,home,2.0,3.5,3.0
2024-05-19 15:00:00,EPL,Luton,Fulham,2.06743,1.11598,1.11598,2.06743,2,4,away,2.0,3.5,3.0
2024-05-19 15:00:00,EPL,Liverpool,Wolverhampton Wanderers,5.65937,0.731254,0.731254,5.65937,2,0,home,2.0,3.5,3.0
2024-05-19 15:00:00,EPL,Manchester City,West Ham,2.31504,0.240159,0.240159,2.31504,3,1,home,2.0,3.5,3.0
2024-05-19 15:00:00,EPL,Crystal Palace,Aston Villa,2.23189,0.598846,0.598846,2.23189,5,0,home,2.0,3.5,3.0
2024-05-19 15:00:00,EPL,Sheffield United,Tottenham,0.697312,3.19675,3.19675,0.697312,0,3,away,2.0,3.5,3.0
2024-05-19 15:00:00,EPL,Burnley,Nottingham Forest,1.08222,1.57962,1.57962,1.08222,1,2,away,2.0,3.5,3.0
2024-05-19 15:00:00,EPL,Brighton,Manchester United,1.9717,1.00404,1.00404,1.9717,0,2,away,2.0,3.5,3.0
2024-05-19 15:00:00,EPL,Brentford,Newcastle United,1.70157,3.65044,3.65044,1.70157,2,4,away,2.0,3.5,3.0
2024-05-19 15:00:00,EPL,Arsenal,Everton,3.2117,0.664904,0.664904,3.2117,2,1,home,2.0,3.5,3.0
2024-05-19 15:00:00,EPL,Chelsea,Bournemouth,1.59771,2.002,2.002,1.59771,2,1,home,2.0,3.5,3.0
2024-08-16 19:00:00,EPL,Manchester United,Fulham,2.04268,0.418711,0.418711,2.04268,1,0,home,2.0,3.5,3.0
2024-08-17 11:30:00,EPL,Ipswich,Liverpool,0.342601,3.92906,3.92906,0.342601,0,2,away,2.0,3.5,3.0
2024-08-17 14:00:00,EPL,Arsenal,Wolverhampton Wanderers,1.6283,0.575835,0.575835,1.6283,2,0,home,2.0,3.5,3.0
2024-08-17 14:00:00,EPL,Everton,Brighton,0.405325,1.79083,1.79083,0.405325,0,3,away,2.0,3.5,3.0
2024-08-17 14:00:00,EPL,Newcastle United,Southampton,0.433489,1.95483,1.95483,0.433489,1,0,home,2.0,3.5,3.0
2024-08-17 14:00:00,EPL,Nottingham Forest,Bournemouth,1.24405,1.90915,1.90915,1.24405,1,1,draw,2.0,3.5,3.0
2024-08-17 16:30:00,EPL,West Ham,Aston Villa,2.8047,2.6703,2.6703,2.8047,1,2,away,2.0,3.5,3.0
2024-08-18 13:00:00,EPL,Brentford,Crystal Palace,1.38064,1.14757,1.14757,1.38064,2,1,home,2.0,3.5,3.0
2024-08-18 15:30:00,EPL,Chelsea,Manchester City,1.06123,1.18038,1.18038,1.06123,0,2,away,2.0,3.5,3.0
2024-08-19 19:00:00,EPL,Leicester,Tottenham,1.02614,1.40775,1.40775,1.02614,1,1,draw,2.0,3.5,3.0
2024-08-24 11:30:00,EPL,Brighton,Manchester United,2.14153,1.28556,1.28556,2.14153,2,1,home,2.0,3.5,3.0
2024-08-24 14:00:00,EPL,Crystal Palace,West Ham,1.3761,1.53421,1.53421,1.3761,0,2,away,2.0,3.5,3.0
2024-08-24 14:00:00,EPL,Fulham,Leicester,1.96218,0.857005,0.857005,1.96218,2,1,home,2.0,3.5,3.0
2024-08-24 14:00:00,EPL,Manchester City,Ipswich,3.07818,0.479999,0.479999,3.07818,4,1,home,2.0,3.5,3.0
2024-08-24 14:00:00,EPL,Southampton,Nottingham Forest,0.214952,2.86475,2.86475,0.214952,0,1,away,2.0,3.5,3.0
2024-08-24 14:00:00,EPL,Tottenham,Everton,2.61143,0.648869,0.648869,2.61143,4,0,home,2.0,3.5,3.0
2024-08-24 16:30:00,EPL,Aston Villa,Arsenal,1.31664,1.41399,1.41399,1.31664,0,2,away,2.0,3.5,3.0
2024-08-25 13:00:00,EPL,Wolverhampton Wanderers,Chelsea,2.4181,2.02935,2.02935,2.4181,2,6,away,2.0,3.5,3.0
2024-08-25 13:00:00,EPL,Bournemouth,Newcastle United,2.53513,1.89287,1.89287,2.53513,1,1,draw,2.0,3.5,3.0
2024-08-25 15:30:00,EPL,Liverpool,Brentford,2.71877,0.457239,0.457239,2.71877,2,0,home,2.0,3.5,3.0
2024-08-31 11:30:00,EPL,Arsenal,Brighton,2.41798,1.81748,1.81748,2.41798,1,1,draw,2.0,3.5,3.0
2024-08-31 14:00:00,EPL,Brentford,Southampton,3.86281,1.64713,1.64713,3.86281,3,1,home,2.0,3.5,3.0
2024-08-31 14:00:00,EPL,Everton,Bournemouth,2.55629,2.95688,2.95688,2.55629,2,3,away,2.0,3.5,3.0
2024-08-31 14:00:00,EPL,Ipswich,Fulham,0.707048,1.18883,1.18883,0.707048,1,1,draw,2.0,3.5,3.0
2024-08-31 14:00:00,EPL,Leicester,Aston Villa,0.774741,2.16385,2.16385,0.774741,1,2,away,2.0,3.5,3.0
2024-08-31 14:00:00,EPL,Nottingham Forest,Wolverhampton Wanderers,1.41069,0.937632,0.937632,1.41069,1,1,draw,2.0,3.5,3.0
2024-08-31 16:30:00,EPL,West Ham,Manchester City,0.947201,3.19297,3.19297,0.947201,1,3,away,2.0,3.5,3.0
2024-09-01 12:30:00,EPL,Newcastle United,Tottenham,1.58694,1.63304,1.63304,1.58694,2,1,home,2.0,3.5,3.0
2024-09-01 12:30:00,EPL,Chelsea,Crystal Palace,2.97743,0.459708,0.459708,2.97743,1,1,draw,2.0,3.5,3.0
2024-09-01 15:00:00,EPL,Manchester United,Liverpool,1.50087,2.10397,2.10397,1.50087,0,3,away,2.0,3.5,3.0
2024-09-14 11:30:00,EPL,Southampton,Manchester United,1.35593,3.02693,3.02693,1.35593,0,3,away,2.0,3.5,3.0
2024-09-14 14:00:00,EPL,Manchester City,Brentford,1.55279,1.05094,1.05094,1.55279,2,1,home,2.0,3.5,3.0
2024-09-14 14:00:00,EPL,Crystal Palace,Leicester,2.88716,1.65187,1.65187,2.88716,2,2,draw,2.0,3.5,3.0
2024-09-14 14:00:00,EPL,Brighton,Ipswich,1.75696,0.721323,0.721323,1.75696,0,0,draw,2.0,3.5,3.0
2024-09-14 14:00:00,EPL,Fulham,West Ham,2.88601,0.682719,0.682719,2.88601,1,1,draw,2.0,3.5,3.0
2024-09-14 14:00:00,EPL,Liverpool,Nottingham Forest,1.17044,0.589532,0.589532,1.17044,0,1,away,2.0,3.5,3.0
2024-09-14 16:30:00,EPL,Aston Villa,Everton,3.15876,0.852158,0.852158,3.15876,3,2,home,2.0,3.5,3.0
2024-09-14 19:00:00,EPL,Bournemouth,Chelsea,1.53731,0.932726,0.932726,1.53731,0,1,away,2.0,3.5,3.0
2024-09-15 13:00:00,EPL,Tottenham,Arsenal,0.792595,1.1209,1.1209,0.792595,0,1,away,2.0,3.5,3.0
2024-09-15 15:30:00,EPL,Wolverhampton Wanderers,Newcastle United,1.46969,1.48343,1.48343,1.46969,1,2,away,2.0,3.5,3.0
2024-09-21 11:30:00,EPL,West Ham,Chelsea,0.758267,2.39727,2.39727,0.758267,0,3,away,2.0,3.5,3.0
2024-09-21 14:00:00,EPL,Aston Villa,Wolverhampton Wanderers,2.37351,0.520117,0.520117,2.37351,3,1,home,2.0,3.5,3.0
2024-09-21 14:00:00,EPL,Tottenham,Brentford,3.89481,0.893565,0.893565,3.89481,3,1,home,2.0,3.5,3.0
2024-09-21 14:00:00,EPL,Fulham,Newcastle United,3.21141,1.09768,1.09768,3.21141,3,1,home,2.0,3.5,3.0
2024-09-21 14:00:00,EPL,Leicester,Everton,1.33793,1.82377,1.82377,1.33793,1,1,draw,2.0,3.5,3.0
2024-09-21 14:00:00,EPL,Liverpool,Bournemouth,2.43731,1.46979,1.46979,2.43731,3,0,home,2.0,3.5,3.0
2024-09-21 14:00:00,EPL,Southampton,Ipswich,2.89813,1.645,1.645,2.89813,1,1,draw,2.0,3.5,3.0
2024-09-21 16:30:00,EPL,Crystal Palace,Manchester United,1.66928,2.35056,2.35056,1.66928,0,0,draw,2.0,3.5,3.0
2024-09-22 13:00:00,EPL,Brighton,Nottingham Forest,1.56836,1.36923,1.36923,1.56836,2,2,draw,2.0,3.5,3.0
2024-09-22 15:30:00,EPL,Manchester City,Arsenal,2.75588,1.28411,1.28411,2.75588,2,2,draw,2.0,3.5,3.0
2024-09-28 11:30:00,EPL,Newcastle United,Manchester City,1.34344,1.26516,1.26516,1.34344,1,1,draw,2.0,3.5,3.0
2024-09-28 14:00:00,EPL,Nottingham Forest,Fulham,0.614351,1.43592,1.43592,0.614351,0,1,away,2.0,3.5,3.0
2024-09-28 14:00:00,EPL,Everton,Crystal Palace,1.10959,1.12358,1.12358,1.10959,2,1,home,2.0,3.5,3.0
2024-09-28 14:00:00,EPL,Arsenal,Leicester,6.05305,0.337909,0.337909,6.05305,4,2,home,2.0,3.5,3.0
2024-09-28 14:00:00,EPL,Brentford,West Ham,0.370222,0.878617,0.878617,0.370222,1,1,draw,2.0,3.5,3.0
2024-09-28 14:00:00,EPL,Chelsea,Brighton,3.65839,1.20712,1.20712,3.65839,4,2,home,2.0,3.5,3.0
2024-09-28 16:30:00,EPL,Wolverhampton Wanderers,Liverpool,0.748925,2.11724,2.11724,0.748925,1,2,away,2.0,3.5,3.0
2024-09-29 13:00:00,EPL,Ipswich,Aston Villa,1.84608,1.14494,1.14494,1.84608,2,2,draw,2.0,3.5,3.0
2024-09-29 15:30:00,EPL,Manchester United,Tottenham,0.600721,5.4072,5.4072,0.600721,0,3,away,2.0,3.5,3.0
2024-09-30 19:00:00,EPL,Bournemouth,Southampton,1.44215,0.696068,0.696068,1.44215,3,1,home,2.0,3.5,3.0
2024-10-05 11:30:00,EPL,Crystal Palace,Liverpool,0.609481,2.07332,2.07332,0.609481,0,1,away,2.0,3.5,3.0
2024-10-05 14:00:00,EPL,Leicester,Bournemouth,0.912063,1.94963,1.94963,0.912063,1,0,home,2.0,3.5,3.0
2024-10-05 14:00:00,EPL,Manchester City,Fulham,1.36684,2.75846,2.75846,1.36684,3,2,home,2.0,3.5,3.0
2024-10-05 14:00:00,EPL,West Ham,Ipswich,4.39402,1.18463,1.18463,4.39402,4,1,home,2.0,3.5,3.0
2024-10-05 14:00:00,EPL,Arsenal,Southampton,3.25165,1.27313,1.27313,3.25165,3,1,home,2.0,3.5,3.0
2024-10-05 14:00:00,EPL,Brentford,Wolverhampton Wanderers,4.13513,0.696254,0.696254,4.13513,5,3,home,2.0,3.5,3.0
2024-10-05 16:30:00,EPL,Everton,Newcastle United,0.692214,1.79048,1.79048,0.692214,0,0,draw,2.0,3.5,3.0
2024-10-06 13:00:00,EPL,Aston Villa,Manchester United,0.532809,0.448537,0.448537,0.532809,0,0,draw,2.0,3.5,3.0
2024-10-06 13:00:00,EPL,Chelsea,Nottingham Forest,2.27752,1.66654,1.66654,2.27752,1,1,draw,2.0,3.5,3.0
2024-10-06 15:30:00,EPL,Brighton,Tottenham,1.97217,1.09279,1.09279,1.97217,3,2,home,2.0,3.5,3.0
2024-10-19 11:30:00,EPL,Tottenham,West Ham,1.44052,0.858803,0.858803,1.44052,4,1,home,2.0,3.5,3.0
2024-10-19 14:00:00,EPL,Fulham,Aston Villa,2.63074,1.43595,1.43595,2.63074,1,3,away,2.0,3.5,3.0
2024-10-19 14:00:00,EPL,Ipswich,Everton,1.174,1.60804,1.60804,1.174,0,2,away,2.0,3.5,3.0
2024-10-19 14:00:00,EPL,Manchester United,Brentford,1.76555,0.892843,0.892843,1.76555,2,1,home,2.0,3.5,3.0
2024-10-19 14:00:00,EPL,Newcastle United,Brighton,1.93657,1.6779,1.6779,1.93657,0,1,away,2.0,3.5,3.0
2024-10-19 14:00:00,EPL,Southampton,Leicester,2.42776,2.83826,2.83826,2.42776,2,3,away,2.0,3.5,3.0
2024-10-19 16:30:00,EPL,Bournemouth,Arsenal,2.18419,0.740758,0.740758,2.18419,2,0,home,2.0,3.5,3.0
2024-10-20 13:00:00,EPL,Wolverhampton Wanderers,Manchester City,0.761217,1.36569,1.36569,0.761217,1,2,away,2.0,3.5,3.0
2024-10-20 15:30:00,EPL,Liverpool,Chelsea,2.22517,1.33904,1.33904,2.22517,2,1,home,2.0,3.5,3.0
2024-10-21 19:00:00,EPL,Nottingham Forest,Crystal Palace,1.88573,0.835001,0.835001,1.88573,1,0,home,2.0,3.5,3.0
2024-10-25 19:00:00,EPL,Leicester,Nottingham Forest,0.832415,2.54488,2.54488,0.832415,1,3,away,2.0,3.5,3.0
2024-10-26 14:00:00,EPL,Manchester City,Southampton,3.16286,0.369989,0.369989,3.16286,1,0,home,2.0,3.5,3.0
2024-10-26 14:00:00,EPL,Aston Villa,Bournemouth,1.974,0.328651,0.328651,1.974,1,1,draw,2.0,3.5,3.0
2024-10-26 14:00:00,EPL,Brentford,Ipswich,4.09663,1.65698,1.65698,4.09663,4,3,home,2.0,3.5,3.0
2024-10-26 14:00:00,EPL,Brighton,Wolverhampton Wanderers,1.51347,1.11074,1.11074,1.51347,2,2,draw,2.0,3.5,3.0
2024-10-26 16:30:00,EPL,Everton,Fulham,0.884845,1.49531,1.49531,0.884845,1,1,draw,2.0,3.5,3.0
2024-10-27 14:00:00,EPL,Crystal Palace,Tottenham,0.978611,1.0192,1.0192,0.978611,1,0,home,2.0,3.5,3.0
2024-10-27 14:00:00,EPL,West Ham,Manchester United,2.99312,2.62598,2.62598,2.99312,2,1,home,2.0,3.5,3.0
2024-10-27 14:00:00,EPL,Chelsea,Newcastle United,1.61794,1.74225,1.74225,1.61794,2,1,home,2.0,3.5,3.0
2024-10-27 16:30:00,EPL,Arsenal,Liverpool,1.0883,1.35346,1.35346,1.0883,2,2,draw,2.0,3.5,3.0
2024-11-02 12:30:00,EPL,Newcastle United,Arsenal,0.859715,0.911305,0.911305,0.859715,1,0,home,2.0,3.5,3.0
2024-11-02 15:00:00,EPL,Bournemouth,Manchester City,2.4493,2.3527,2.3527,2.4493,2,1,home,2.0,3.5,3.0
2024-11-02 15:00:00,EPL,Ipswich,Leicester,1.33617,2.33858,2.33858,1.33617,1,1,draw,2.0,3.5,3.0
2024-11-02 15:00:00,EPL,Liverpool,Brighton,1.81037,1.01568,1.01568,1.81037,2,1,home,2.0,3.5,3.0
2024-11-02 15:00:00,EPL,Nottingham Forest,West Ham,2.35011,0.132317,0.132317,2.35011,3,0,home,2.0,3.5,3.0
2024-11-02 15:00:00,EPL,Southampton,Everton,0.540345,1.78581,1.78581,0.540345,1,0,home,2.0,3.5,3.0
2024-11-02 17:30:00,EPL,Wolverhampton Wanderers,Crystal Palace,1.65018,2.64849,2.64849,1.65018,2,2,draw,2.0,3.5,3.0
2024-11-03 14:00:00,EPL,Tottenham,Aston Villa,2.09751,2.48749,2.48749,2.09751,4,1,home,2.0,3.5,3.0
2024-11-03 16:30:00,EPL,Manchester United,Chelsea,2.1605,1.21071,1.21071,2.1605,1,1,draw,2.0,3.5,3.0
2024-11-04 20:00:00,EPL,Fulham,Brentford,1.43017,0.739231,0.739231,1.43017,2,1,home,2.0,3.5,3.0
2024-11-09 15:00:00,EPL,Wolverhampton Wanderers,Southampton,0.912781,0.792655,0.792655,0.912781,2,0,home,2.0,3.5,3.0
2024-11-09 15:00:00,EPL,West Ham,Everton,1.1237,0.865983,0.865983,1.1237,0,0,draw,2.0,3.5,3.0
2024-11-09 15:00:00,EPL,Crystal Palace,Fulham,1.96037,2.25331,2.25331,1.96037,0,2,away,2.0,3.5,3.0
2024-11-09 15:00:00,EPL,Brentford,Bournemouth,1.56474,2.49234,2.49234,1.56474,3,2,home,2.0,3.5,3.0
2024-11-09 17:30:00,EPL,Brighton,Manchester City,2.87116,2.60334,2.60334,2.87116,2,1,home,2.0,3.5,3.0
2024-11-09 20:00:00,EPL,Liverpool,Aston Villa,2.68196,1.66337,1.66337,2.68196,2,0,home,2.0,3.5,3.0
2024-11-10 14:00:00,EPL,Nottingham Forest,Newcastle United,1.17852,1.86904,1.86904,1.17852,1,3,away,2.0,3.5,3.0
2024-11-10 14:00:00,EPL,Manchester United,Leicester,1.2369,0.417295,0.417295,1.2369,3,0,home,2.0,3.5,3.0
2024-11-10 14:00:00,EPL,Tottenham,Ipswich,1.75088,2.18392,2.18392,1.75088,1,2,away,2.0,3.5,3.0
2024-11-10 16:30:00,EPL,Chelsea,Arsenal,1.24067,1.9605,1.9605,1.24067,1,1,draw,2.0,3.5,3.0
2024-11-23 12:30:00,EPL,Leicester,Chelsea,0.967987,2.81658,2.81658,0.967987,1,2,away,2.0,3.5,3.0
2024-11-23 15:00:00,EPL,Fulham,Wolverhampton Wanderers,0.717158,1.33903,1.33903,0.717158,1,4,away,2.0,3.5,3.0
2024-11-23 15:00:00,EPL,Everton,Brentford,1.5951,1.34314,1.34314,1.5951,0,0,draw,2.0,3.5,3.0
2024-11-23 15:00:00,EPL,Aston Villa,Crystal Palace,3.04455,1.61437,1.61437,3.04455,2,2,draw,2.0,3.5,3.0
2024-11-23 15:00:00,EPL,Bournemouth,Brighton,1.91157,1.23059,1.23059,1.91157,1,2,away,2.0,3.5,3.0
2024-11-23 15:00:00,EPL,Arsenal,Nottingham Forest,1.66016,0.403136,0.403136,1.66016,3,0,home,2.0,3.5,3.0
2024-11-23 17:30:00,EPL,Manchester City,Tottenham,2.15899,3.30449,3.30449,2.15899,0,4,away,2.0,3.5,3.0
2024-11-24 14:00:00,EPL,Southampton,Liverpool,1.53985,3.18835,3.18835,1.53985,2,3,away,2.0,3.5,3.0
2024-11-24 16:30:00,EPL,Ipswich,Manchester United,1.98714,1.26912,1.26912,1.98714,1,1,draw,2.0,3.5,3.0
2024-11-25 20:00:00,EPL,Newcastle United,West Ham,1.49781,0.942824,0.942824,1.49781,0,2,away,2.0,3.5,3.0
2024-11-29 20:00:00,EPL,Brighton,Southampton,1.86986,0.934969,0.934969,1.86986,1,1,draw,2.0,3.5,3.0
2024-11-30 15:00:00,EPL,Wolverhampton Wanderers,Bournemouth,0.866034,3.07901,3.07901,0.866034,2,4,away,2.0,3.5,3.0
2024-11-30 15:00:00,EPL,Brentford,Leicester,2.21885,0.907555,0.907555,2.21885,4,1,home,2.0,3.5,3.0
2024-11-30 15:00:00,EPL,Crystal Palace,Newcastle United,2.29595,0.020989,0.020989,2.29595,1,1,draw,2.0,3.5,3.0
2024-11-30 15:00:00,EPL,Nottingham Forest,Ipswich,1.76587,0.462771,0.462771,1.76587,1,0,home,2.0,3.5,3.0
2024-11-30 17:30:00,EPL,West Ham,Arsenal,1.23539,3.99935,3.99935,1.23539,2,5,away,2.0,3.5,3.0
2024-12-01 13:30:00,EPL,Chelsea,Aston Villa,1.94939,0.875443,0.875443,1.94939,3,0,home,2.0,3.5,3.0
2024-12-01 13:30:00,EPL,Manchester United,Everton,1.76161,0.766749,0.766749,1.76161,4,0,home,2.0,3.5,3.0
2024-12-01 13:30:00,EPL,Tottenham,Fulham,1.01086,1.57274,1.57274,1.01086,1,1,draw,2.0,3.5,3.0
2024-12-01 16:00:00,EPL,Liverpool,Manchester City,3.70054,0.745015,0.745015,3.70054,2,0,home,2.0,3.5,3.0
2024-12-03 19:30:00,EPL,Ipswich,Crystal Palace,0.471708,1.65422,1.65422,0.471708,0,1,away,2.0,3.5,3.0
2024-12-03 20:15:00,EPL,Leicester,West Ham,2.78061,2.87716,2.87716,2.78061,3,1,home,2.0,3.5,3.0
2024-12-04 19:30:00,EPL,Everton,Wolverhampton Wanderers,1.49904,0.847724,0.847724,1.49904,4,0,home,2.0,3.5,3.0
2024-12-04 19:30:00,EPL,Manchester City,Nottingham Forest,3.20169,0.802155,0.802155,3.20169,3,0,home,2.0,3.5,3.0
2024-12-04 19:30:00,EPL,Newcastle United,Liverpool,1.52057,2.22766,2.22766,1.52057,3,3,draw,2.0,3.5,3.0
2024-12-04 19:30:00,EPL,Southampton,Chelsea,1.91014,5.8331,5.8331,1.91014,1,5,away,2.0,3.5,3.0
2024-12-04 20:15:00,EPL,Arsenal,Manchester United,2.96684,0.256083,0.256083,2.96684,2,0,home,2.0,3.5,3.0
2024-12-04 20:15:00,EPL,Aston Villa,Brentford,3.21673,1.13266,1.13266,3.21673,3,1,home,2.0,3.5,3.0
2024-12-05 19:30:00,EPL,Fulham,Brighton,0.666644,1.09939,1.09939,0.666644,3,1,home,2.0,3.5,3.0
2024-12-05 20:15:00,EPL,Bournemouth,Tottenham,3.27716,0.623934,0.623934,3.27716,1,0,home,2.0,3.5,3.0
2024-12-07 15:00:00,EPL,Aston Villa,Southampton,2.51338,0.385832,0.385832,2.51338,1,0,home,2.0,3.5,3.0
2024-12-07 15:00:00,EPL,Brentford,Newcastle United,1.746,1.95645,1.95645,1.746,4,2,home,2.0,3.5,3.0
2024-12-07 15:00:00,EPL,Crystal Palace,Manchester City,1.21476,1.5846,1.5846,1.21476,2,2,draw,2.0,3.5,3.0
2024-12-07 17:30:00,EPL,Manchester United,Nottingham Forest,1.4697,0.651217,0.651217,1.4697,2,3,away,2.0,3.5,3.0
2024-12-08 14:00:00,EPL,Fulham,Arsenal,0.150988,2.4333,2.4333,0.150988,1,1,draw,2.0,3.5,3.0
2024-12-08 14:00:00,EPL,Ipswich,Bournemouth,1.5668,3.49127,3.49127,1.5668,1,2,away,2.0,3.5,3.0
2024-12-08 14:00:00,EPL,Leicester,Brighton,1.42438,1.12184,1.12184,1.42438,2,2,draw,2.0,3.5,3.0
2024-12-08 16:30:00,EPL,Tottenham,Chelsea,3.25488,2.57326,2.57326,3.25488,3,4,away,2.0,3.5,3.0
2024-12-09 20:00:00,EPL,West Ham,Wolverhampton Wanderers,1.19808,1.47567,1.47567,1.19808,2,1,home,2.0,3.5,3.0
2024-12-14 15:00:00,EPL,Newcastle United,Leicester,3.95461,0.186759,0.186759,3.95461,4,0,home,2.0,3.5,3.0
2024-12-14 15:00:00,EPL,Wolverhampton Wanderers,Ipswich,1.23748,1.73349,1.73349,1.23748,1,2,away,2.0,3.5,3.0
2024-12-14 15:00:00,EPL,Liverpool,Fulham,2.09698,1.2862,1.2862,2.09698,2,2,draw,2.0,3.5,3.0
2024-12-14 15:00:00,EPL,Arsenal,Everton,1.30865,0.132166,0.132166,1.30865,0,0,draw,2.0,3.5,3.0
2024-12-14 17:30:00,EPL,Nottingham Forest,Aston Villa,2.2861,0.389423,0.389423,2.2861,2,1,home,2.0,3.5,3.0
2024-12-15 14:00:00,EPL,Brighton,Crystal Palace,1.32323,3.00618,3.00618,1.32323,1,3,away,2.0,3.5,3.0
2024-12-15 16:30:00,EPL,Manchester City,Manchester United,0.638103,2.04662,2.04662,0.638103,1,2,away,2.0,3.5,3.0
2024-12-15 19:00:00,EPL,Chelsea,Brentford,2.59146,1.65861,1.65861,2.59146,2,1,home,2.0,3.5,3.0
2024-12-15 19:00:00,EPL,Southampton,Tottenham,1.27356,3.89322,3.89322,1.27356,0,5,away,2.0,3.5,3.0
2024-12-16 20:00:00,EPL,Bournemouth,West Ham,2.04842,1.81827,1.81827,2.04842,1,1,draw,2.0,3.5,3.0
2024-12-21 12:30:00,EPL,Aston Villa,Manchester City,2.05988,1.09627,1.09627,2.05988,2,1,home,2.0,3.5,3.0
2024-12-21 15:00:00,EPL,West Ham,Brighton,1.22937,1.34379,1.34379,1.22937,1,1,draw,2.0,3.5,3.0
2024-12-21 15:00:00,EPL,Ipswich,Newcastle United,1.06427,3.23386,3.23386,1.06427,0,4,away,2.0,3.5,3.0
2024-12-21 15:00:00,EPL,Brentford,Nottingham Forest,0.769004,0.964897,0.964897,0.769004,0,2,away,2.0,3.5,3.0
2024-12-21 17:30:00,EPL,Crystal Palace,Arsenal,1.6052,3.05434,3.05434,1.6052,1,5,away,2.0,3.5,3.0
2024-12-22 14:00:00,EPL,Fulham,Southampton,1.25255,0.280031,0.280031,1.25255,0,0,draw,2.0,3.5,3.0
2024-12-22 14:00:00,EPL,Everton,Chelsea,1.07081,1.51591,1.51591,1.07081,0,0,draw,2.0,3.5,3.0
2024-12-22 14:00:00,EPL,Manchester United,Bournemouth,2.28533,1.82831,1.82831,2.28533,0,3,away,2.0,3.5,3.0
2024-12-22 14:00:00,EPL,Leicester,Wolverhampton Wanderers,0.78868,1.13531,1.13531,0.78868,0,3,away,2.0,3.5,3.0
2024-12-22 16:30:00,EPL,Tottenham,Liverpool,1.20245,5.20214,5.20214,1.20245,3,6,away,2.0,3.5,3.0
2024-12-26 12:30:00,EPL,Manchester City,Everton,2.51965,0.653289,0.653289,2.51965,1,1,draw,2.0,3.5,3.0
2024-12-26 15:00:00,EPL,Southampton,West Ham,2.19833,1.90111,1.90111,2.19833,0,1,away,2.0,3.5,3.0
2024-12-26 15:00:00,EPL,Newcastle United,Aston Villa,2.82867,0.225522,0.225522,2.82867,3,0,home,2.0,3.5,3.0
2024-12-26 15:00:00,EPL,Nottingham Forest,Tottenham,1.30018,1.05758,1.05758,1.30018,1,0,home,2.0,3.5,3.0
2024-12-26 15:00:00,EPL,Bournemouth,Crystal Palace,1.20189,0.500066,0.500066,1.20189,0,0,draw,2.0,3.5,3.0
2024-12-26 15:00:00,EPL,Chelsea,Fulham,1.55626,1.77929,1.77929,1.55626,1,2,away,2.0,3.5,3.0
2024-12-26 17:30:00,EPL,Wolverhampton Wanderers,Manchester United,0.826489,0.358876,0.358876,0.826489,2,0,home,2.0,3.5,3.0
2024-12-26 20:00:00,EPL,Liverpool,Leicester,1.89935,0.22097,0.22097,1.89935,3,1,home,2.0,3.5,3.0
2024-12-27 19:30:00,EPL,Brighton,Brentford,1.33538,0.961233,0.961233,1.33538,0,0,draw,2.0,3.5,3.0
2024-12-27 20:15:00,EPL,Arsenal,Ipswich,2.16462,0.0783327,0.0783327,2.16462,1,0,home,2.0,3.5,3.0
2024-12-29 14:30:00,EPL,Leicester,Manchester City,1.84208,1.58002,1.58002,1.84208,0,2,away,2.0,3.5,3.0
2024-12-29 15:00:00,EPL,Tottenham,Wolverhampton Wanderers,2.28433,0.640697,0.640697,2.28433,2,2,draw,2.0,3.5,3.0
2024-12-29 15:00:00,EPL,Crystal Palace,Southampton,3.05417,1.21853,1.21853,3.05417,2,1,home,2.0,3.5,3.0
2024-12-29 15:00:00,EPL,Everton,Nottingham Forest,0.615191,2.02753,2.02753,0.615191,0,2,away,2.0,3.5,3.0
2024-12-29 15:00:00,EPL,Fulham,Bournemouth,0.961566,1.70692,1.70692,0.961566,2,2,draw,2.0,3.5,3.0
2024-12-29 17:15:00,EPL,West Ham,Liverpool,0.518279,3.29868,3.29868,0.518279,0,5,away,2.0,3.5,3.0
2024-12-30 19:45:00,EPL,Aston Villa,Brighton,1.87997,0.938042,0.938042,1.87997,2,2,draw,2.0,3.5,3.0
2024-12-30 19:45:00,EPL,Ipswich,Chelsea,1.50093,1.60622,1.60622,1.50093,2,0,home,2.0,3.5,3.0
2024-12-30 20:00:00,EPL,Manchester United,Newcastle United,1.00073,2.2424,2.2424,1.00073,0,2,away,2.0,3.5,3.0
2025-01-01 17:30:00,EPL,Brentford,Arsenal,0.272604,1.99848,1.99848,0.272604,1,3,away,2.0,3.5,3.0
2025-01-04 12:30:00,EPL,Tottenham,Newcastle United,1.00333,2.42963,2.42963,1.00333,1,2,away,2.0,3.5,3.0
2025-01-04 15:00:00,EPL,Bournemouth,Everton,2.61852,0.561015,0.561015,2.61852,1,0,home,2.0,3.5,3.0
2025-01-04 15:00:00,EPL,Aston Villa,Leicester,2.3456,0.81548,0.81548,2.3456,2,1,home,2.0,3.5,3.0
2025-01-04 15:00:00,EPL,Crystal Palace,Chelsea,1.2766,1.51541,1.51541,1.2766,1,1,draw,2.0,3.5,3.0
2025-01-04 15:00:00,EPL,Manchester City,West Ham,1.97986,1.53286,1.53286,1.97986,4,1,home,2.0,3.5,3.0
2025-01-04 15:00:00,EPL,Southampton,Brentford,0.249614,5.54874,5.54874,0.249614,0,5,away,2.0,3.5,3.0
2025-01-04 17:30:00,EPL,Brighton,Arsenal,1.76513,1.81142,1.81142,1.76513,1,1,draw,2.0,3.5,3.0
2025-01-05 14:00:00,EPL,Fulham,Ipswich,2.65469,1.4434,1.4434,2.65469,2,2,draw,2.0,3.5,3.0
2025-01-05 16:30:00,EPL,Liverpool,Manchester United,2.862,1.67469,1.67469,2.862,2,2,draw,2.0,3.5,3.0
2025-01-06 20:00:00,EPL,Wolverhampton Wanderers,Nottingham Forest,1.90463,2.57227,2.57227,1.90463,0,3,away,2.0,3.5,3.0
2025-01-14 19:30:00,EPL,Chelsea,Bournemouth,2.53808,1.14845,1.14845,2.53808,2,2,draw,2.0,3.5,3.0
2025-01-14 19:30:00,EPL,Brentford,Manchester City,2.39088,2.65315,2.65315,2.39088,2,2,draw,2.0,3.5,3.0
2025-01-14 19:30:00,EPL,West Ham,Fulham,0.937322,2.83581,2.83581,0.937322,3,2,home,2.0,3.5,3.0
2025-01-14 20:00:00,EPL,Nottingham Forest,Liverpool,0.5292,2.72291,2.72291,0.5292,1,1,draw,2.0,3.5,3.0
2025-01-15 19:30:00,EPL,Everton,Aston Villa,1.23126,1.28522,1.28522,1.23126,0,1,away,2.0,3.5,3.0
2025-01-15 19:30:00,EPL,Leicester,Crystal Palace,2.09904,2.2647,2.2647,2.09904,0,2,away,2.0,3.5,3.0
2025-01-15 19:30:00,EPL,Newcastle United,Wolverhampton Wanderers,2.13327,1.47433,1.47433,2.13327,3,0,home,2.0,3.5,3.0
2025-01-15 20:00:00,EPL,Arsenal,Tottenham,2.25501,0.777071,0.777071,2.25501,2,1,home,2.0,3.5,3.0
2025-01-16 19:30:00,EPL,Ipswich,Brighton,0.268127,1.06343,1.06343,0.268127,0,2,away,2.0,3.5,3.0
2025-01-16 20:00:00,EPL,Manchester United,Southampton,3.10847,1.36705,1.36705,3.10847,3,1,home,2.0,3.5,3.0
2025-01-18 12:30:00,EPL,Newcastle United,Bournemouth,0.837801,2.70174,2.70174,0.837801,1,4,away,2.0,3.5,3.0
2025-01-18 15:00:00,EPL,West Ham,Crystal Palace,0.221062,1.62561,1.62561,0.221062,0,2,away,2.0,3.5,3.0
2025-01-18 15:00:00,EPL,Brentford,Liverpool,1.20021,4.16249,4.16249,1.20021,0,2,away,2.0,3.5,3.0
2025-01-18 15:00:00,EPL,Leicester,Fulham,0.676934,2.36823,2.36823,0.676934,0,2,away,2.0,3.5,3.0
2025-01-18 17:30:00,EPL,Arsenal,Aston Villa,1.64458,1.20602,1.20602,1.64458,2,2,draw,2.0,3.5,3.0
2025-01-19 14:00:00,EPL,Everton,Tottenham,2.56089,1.35719,1.35719,2.56089,3,2,home,2.0,3.5,3.0
2025-01-19 14:00:00,EPL,Manchester United,Brighton,1.31823,2.17172,2.17172,1.31823,1,3,away,2.0,3.5,3.0
2025-01-19 14:00:00,EPL,Nottingham Forest,Southampton,2.36419,1.25922,1.25922,2.36419,3,2,home,2.0,3.5,3.0
2025-01-19 16:30:00,EPL,Ipswich,Manchester City,0.795637,3.20228,3.20228,0.795637,0,6,away,2.0,3.5,3.0
2025-01-20 20:00:00,EPL,Chelsea,Wolverhampton Wanderers,3.14882,1.06726,1.06726,3.14882,3,1,home,2.0,3.5,3.0
2025-01-25 15:00:00,EPL,Southampton,Newcastle United,0.825621,3.08319,3.08319,0.825621,1,3,away,2.0,3.5,3.0
2025-01-25 15:00:00,EPL,Wolverhampton Wanderers,Arsenal,0.514724,0.887358,0.887358,0.514724,0,1,away,2.0,3.5,3.0
2025-01-25 15:00:00,EPL,Liverpool,Ipswich,2.16809,0.804707,0.804707,2.16809,4,1,home,2.0,3.5,3.0
2025-01-25 15:00:00,EPL,Brighton,Everton,0.64378,0.870883,0.870883,0.64378,0,1,away,2.0,3.5,3.0
2025-01-25 15:00:00,EPL,Bournemouth,Nottingham Forest,2.8254,0.996166,0.996166,2.8254,5,0,home,2.0,3.5,3.0
2025-01-25 17:30:00,EPL,Manchester City,Chelsea,2.23213,1.49843,1.49843,2.23213,3,1,home,2.0,3.5,3.0
2025-01-26 14:00:00,EPL,Crystal Palace,Brentford,1.23177,1.92037,1.92037,1.23177,1,2,away,2.0,3.5,3.0
2025-01-26 14:00:00,EPL,Tottenham,Leicester,1.27483,1.40469,1.40469,1.27483,1,2,away,2.0,3.5,3.0
2025-01-26 16:30:00,EPL,Aston Villa,West Ham,0.907851,1.67886,1.67886,0.907851,1,1,draw,2.0,3.5,3.0
2025-01-26 19:00:00,EPL,Fulham,Manchester United,0.560571,0.201988,0.201988,0.560571,0,1,away,2.0,3.5,3.0
2025-02-01 12:30:00,EPL,Nottingham Forest,Brighton,4.0677,0.756296,0.756296,4.0677,7,0,home,2.0,3.5,3.0
2025-02-01 15:00:00,EPL,Everton,Leicester,3.11261,0.447136,0.447136,3.11261,4,0,home,2.0,3.5,3.0
2025-02-01 15:00:00,EPL,Ipswich,Southampton,1.94845,1.17566,1.17566,1.94845,1,2,away,2.0,3.5,3.0
2025-02-01 15:00:00,EPL,Bournemouth,Liverpool,1.65273,2.7219,2.7219,1.65273,0,2,away,2.0,3.5,3.0
2025-02-01 15:00:00,EPL,Newcastle United,Fulham,1.22716,1.60881,1.60881,1.22716,1,2,away,2.0,3.5,3.0
2025-02-01 17:30:00,EPL,Wolverhampton Wanderers,Aston Villa,2.00146,0.742809,0.742809,2.00146,2,0,home,2.0,3.5,3.0
2025-02-02 14:00:00,EPL,Brentford,Tottenham,1.66475,0.945355,0.945355,1.66475,0,2,away,2.0,3.5,3.0
2025-02-02 14:00:00,EPL,Manchester United,Crystal Palace,1.50706,2.44633,2.44633,1.50706,0,2,away,2.0,3.5,3.0
2025-02-02 16:30:00,EPL,Arsenal,Manchester City,1.53202,0.743191,0.743191,1.53202,5,1,home,2.0,3.5,3.0
2025-02-03 20:00:00,EPL,Chelsea,West Ham,1.39066,1.1868,1.1868,1.39066,2,1,home,2.0,3.5,3.0
2025-02-12 19:30:00,EPL,Everton,Liverpool,0.910523,0.929103,0.929103,0.910523,2,2,draw,2.0,3.5,3.0
2025-02-14 20:00:00,EPL,Brighton,Chelsea,2.06892,0.649788,0.649788,2.06892,3,0,home,2.0,3.5,3.0
2025-02-15 12:30:00,EPL,Leicester,Arsenal,0.233209,1.75,1.75,0.233209,0,2,away,2.0,3.5,3.0
2025-02-15 15:00:00,EPL,Southampton,Bournemouth,0.974418,2.08722,2.08722,0.974418,1,3,away,2.0,3.5,3.0
2025-02-15 15:00:00,EPL,Manchester City,Newcastle United,2.12004,0.157211,0.157211,2.12004,4,0,home,2.0,3.5,3.0
2025-02-15 15:00:00,EPL,West Ham,Brentford,0.673466,1.96499,1.96499,0.673466,0,1,away,2.0,3.5,3.0
2025-02-15 15:00:00,EPL,Aston Villa,Ipswich,2.89841,0.332864,0.332864,2.89841,1,1,draw,2.0,3.5,3.0
2025-02-15 15:00:00,EPL,Fulham,Nottingham Forest,2.20993,0.331301,0.331301,2.20993,2,1,home,2.0,3.5,3.0
2025-02-15 17:30:00,EPL,Crystal Palace,Everton,2.30646,1.01565,1.01565,2.30646,1,2,away,2.0,3.5,3.0
2025-02-16 14:00:00,EPL,Liverpool,Wolverhampton Wanderers,1.86758,1.05329,1.05329,1.86758,2,1,home,2.0,3.5,3.0
2025-02-16 16:30:00,EPL,Tottenham,Manchester United,1.97109,1.42652,1.42652,1.97109,1,0,home,2.0,3.5,3.0
2025-02-19 15:00:00,EPL,Aston Villa,Liverpool,1.02269,2.04279,2.04279,1.02269,2,2,draw,2.0,3.5,3.0
2025-02-21 20:00:00,EPL,Leicester,Brentford,0.727901,2.03465,2.03465,0.727901,0,4,away,2.0,3.5,3.0
2025-02-22 12:30:00,EPL,Everton,Manchester United,2.10444,0.645685,0.645685,2.10444,2,2,draw,2.0,3.5,3.0
2025-02-22 15:00:00,EPL,Ipswich,Tottenham,1.15389,1.58741,1.58741,1.15389,1,4,away,2.0,3.5,3.0
2025-02-22 15:00:00,EPL,Bournemouth,Wolverhampton Wanderers,0.629691,2.10124,2.10124,0.629691,0,1,away,2.0,3.5,3.0
2025-02-22 15:00:00,EPL,Arsenal,West Ham,1.37264,1.02684,1.02684,1.37264,0,1,away,2.0,3.5,3.0
2025-02-22 15:00:00,EPL,Fulham,Crystal Palace,0.23426,1.46203,1.46203,0.23426,0,2,away,2.0,3.5,3.0
2025-02-22 15:00:00,EPL,Southampton,Brighton,0.154147,5.12018,5.12018,0.154147,0,4,away,2.0,3.5,3.0
2025-02-22 17:30:00,EPL,Aston Villa,Chelsea,2.69413,2.17418,2.17418,2.69413,2,1,home,2.0,3.5,3.0
2025-02-23 14:00:00,EPL,Newcastle United,Nottingham Forest,3.45858,2.38603,2.38603,3.45858,4,3,home,2.0,3.5,3.0
2025-02-23 16:30:00,EPL,Manchester City,Liverpool,0.58248,0.807058,0.807058,0.58248,0,2,away,2.0,3.5,3.0
2025-02-25 19:30:00,EPL,Brighton,Bournemouth,2.57927,1.70169,1.70169,2.57927,2,1,home,2.0,3.5,3.0
2025-02-25 19:30:00,EPL,Wolverhampton Wanderers,Fulham,0.928973,1.43473,1.43473,0.928973,1,2,away,2.0,3.5,3.0
2025-02-25 19:30:00,EPL,Crystal Palace,Aston Villa,4.02522,0.667217,0.667217,4.02522,4,1,home,2.0,3.5,3.0
2025-02-25 20:15:00,EPL,Chelsea,Southampton,2.98234,0.845039,0.845039,2.98234,4,0,home,2.0,3.5,3.0
2025-02-26 19:30:00,EPL,Brentford,Everton,1.34009,1.44955,1.44955,1.34009,1,1,draw,2.0,3.5,3.0
2025-02-26 19:30:00,EPL,Nottingham Forest,Arsenal,0.508611,1.31766,1.31766,0.508611,0,0,draw,2.0,3.5,3.0
2025-02-26 19:30:00,EPL,Tottenham,Manchester City,1.28426,2.38641,2.38641,1.28426,0,1,away,2.0,3.5,3.0
2025-02-26 19:30:00,EPL,Manchester United,Ipswich,1.40202,1.04498,1.04498,1.40202,3,2,home,2.0,3.5,3.0
2025-02-26 20:15:00,EPL,Liverpool,Newcastle United,1.40027,0.45882,0.45882,1.40027,2,0,home,2.0,3.5,3.0
2025-02-27 20:00:00,EPL,West Ham,Leicester,1.70437,0.289578,0.289578,1.70437,2,0,home,2.0,3.5,3.0
2025-03-08 12:30:00,EPL,Nottingham Forest,Manchester City,0.501476,0.721234,0.721234,0.501476,1,0,home,2.0,3.5,3.0
2025-03-08 15:00:00,EPL,Brighton,Fulham,1.94417,0.708227,0.708227,1.94417,2,1,home,2.0,3.5,3.0
2025-03-08 15:00:00,EPL,Crystal Palace,Ipswich,3.13879,1.63282,1.63282,3.13879,1,0,home,2.0,3.5,3.0
2025-03-08 15:00:00,EPL,Liverpool,Southampton,4.98996,0.511566,0.511566,4.98996,3,1,home,2.0,3.5,3.0
2025-03-08 17:30:00,EPL,Brentford,Aston Villa,0.637743,1.29638,1.29638,0.637743,0,1,away,2.0,3.5,3.0
2025-03-08 20:00:00,EPL,Wolverhampton Wanderers,Everton,0.812432,1.3672,1.3672,0.812432,1,1,draw,2.0,3.5,3.0
2025-03-09 14:00:00,EPL,Chelsea,Leicester,1.76844,0.108487,0.108487,1.76844,1,0,home,2.0,3.5,3.0
2025-03-09 14:00:00,EPL,Tottenham,Bournemouth,1.35053,2.22536,2.22536,1.35053,2,2,draw,2.0,3.5,3.0
2025-03-09 16:30:00,EPL,Manchester United,Arsenal,1.31107,1.82996,1.82996,1.31107,1,1,draw,2.0,3.5,3.0
2025-03-10 20:00:00,EPL,West Ham,Newcastle United,0.823986,1.62976,1.62976,0.823986,0,1,away,2.0,3.5,3.0
2025-03-15 15:00:00,EPL,Southampton,Wolverhampton Wanderers,1.2821,0.540718,0.540718,1.2821,1,2,away,2.0,3.5,3.0
2025-03-15 15:00:00,EPL,Manchester City,Brighton,2.02642,2.11119,2.11119,2.02642,2,2,draw,2.0,3.5,3.0
2025-03-15 15:00:00,EPL,Ipswich,Nottingham Forest,0.520839,1.30722,1.30722,0.520839,2,4,away,2.0,3.5,3.0
2025-03-15 15:00:00,EPL,Everton,West Ham,1.189,0.516029,0.516029,1.189,1,1,draw,2.0,3.5,3.0
2025-03-15 17:30:00,EPL,Bournemouth,Brentford,2.02714,1.60321,1.60321,2.02714,1,2,away,2.0,3.5,3.0
2025-03-16 13:30:00,EPL,Arsenal,Chelsea,0.695725,0.286036,0.286036,0.695725,1,0,home,2.0,3.5,3.0
2025-03-16 13:30:00,EPL,Fulham,Tottenham,1.03966,1.40865,1.40865,1.03966,2,0,home,2.0,3.5,3.0
2025-03-16 19:00:00,EPL,Leicester,Manchester United,1.30455,1.13892,1.13892,1.30455,0,3,away,2.0,3.5,3.0
2025-04-01 19:45:00,EPL,Arsenal,Fulham,2.30189,1.44206,1.44206,2.30189,2,1,home,2.0,3.5,3.0
2025-04-01 19:45:00,EPL,Wolverhampton Wanderers,West Ham,1.10359,1.73057,1.73057,1.10359,1,0,home,2.0,3.5,3.0
2025-04-01 20:00:00,EPL,Nottingham Forest,Manchester United,0.512063,1.86688,1.86688,0.512063,1,0,home,2.0,3.5,3.0
2025-04-02 19:45:00,EPL,Southampton,Crystal Palace,0.687304,0.93776,0.93776,0.687304,1,1,draw,2.0,3.5,3.0
2025-04-02 19:45:00,EPL,Newcastle United,Brentford,2.26584,1.53201,1.53201,2.26584,2,1,home,2.0,3.5,3.0
2025-04-02 19:45:00,EPL,Bournemouth,Ipswich,1.99637,1.41263,1.41263,1.99637,1,2,away,2.0,3.5,3.0
2025-04-02 19:45:00,EPL,Brighton,Aston Villa,0.558009,1.20715,1.20715,0.558009,0,3,away,2.0,3.5,3.0
2025-04-02 19:45:00,EPL,Manchester City,Leicester,2.07165,0.104741,0.104741,2.07165,2,0,home,2.0,3.5,3.0
2025-04-02 20:00:00,EPL,Liverpool,Everton,1.29718,0.823136,0.823136,1.29718,1,0,home,2.0,3.5,3.0
2025-04-03 19:00:00,EPL,Chelsea,Tottenham,1.30443,1.40274,1.40274,1.30443,1,0,home,2.0,3.5,3.0
2025-04-05 11:30:00,EPL,Everton,Arsenal,1.22875,1.4031,1.4031,1.22875,1,1,draw,2.0,3.5,3.0
2025-04-05 14:00:00,EPL,Crystal Palace,Brighton,0.443965,1.27226,1.27226,0.443965,2,1,home,2.0,3.5,3.0
2025-04-05 14:00:00,EPL,Ipswich,Wolverhampton Wanderers,0.872356,2.8096,2.8096,0.872356,1,2,away,2.0,3.5,3.0
2025-04-05 14:00:00,EPL,West Ham,Bournemouth,0.907832,1.94869,1.94869,0.907832,2,2,draw,2.0,3.5,3.0
2025-04-05 16:30:00,EPL,Aston Villa,Nottingham Forest,2.63349,0.96769,0.96769,2.63349,2,1,home,2.0,3.5,3.0
2025-04-06 13:00:00,EPL,Tottenham,Southampton,2.648,0.780439,0.780439,2.648,3,1,home,2.0,3.5,3.0
2025-04-06 13:00:00,EPL,Fulham,Liverpool,1.72764,1.40638,1.40638,1.72764,3,2,home,2.0,3.5,3.0
2025-04-06 13:00:00,EPL,Brentford,Chelsea,1.36123,1.47829,1.47829,1.36123,0,0,draw,2.0,3.5,3.0
2025-04-06 15:30:00,EPL,Manchester United,Manchester City,1.23317,0.687894,0.687894,1.23317,0,0,draw,2.0,3.5,3.0
2025-04-07 19:00:00,EPL,Leicester,Newcastle United,0.354575,3.44111,3.44111,0.354575,0,3,away,2.0,3.5,3.0
2025-04-12 11:30:00,EPL,Manchester City,Crystal Palace,4.59724,1.33808,1.33808,4.59724,5,2,home,2.0,3.5,3.0
2025-04-12 14:00:00,EPL,Brighton,Leicester,3.6978,1.98444,1.98444,3.6978,2,2,draw,2.0,3.5,3.0
2025-04-12 14:00:00,EPL,Nottingham Forest,Everton,0.423949,1.26036,1.26036,0.423949,0,1,away,2.0,3.5,3.0
2025-04-12 14:00:00,EPL,Southampton,Aston Villa,0.412256,2.99927,2.99927,0.412256,0,3,away,2.0,3.5,3.0
2025-04-12 16:30:00,EPL,Arsenal,Brentford,0.767369,0.588583,0.588583,0.767369,1,1,draw,2.0,3.5,3.0
2025-04-13 13:00:00,EPL,Liverpool,West Ham,1.42902,1.46598,1.46598,1.42902,2,1,home,2.0,3.5,3.0
2025-04-13 13:00:00,EPL,Wolverhampton Wanderers,Tottenham,2.22977,1.62887,1.62887,2.22977,4,2,home,2.0,3.5,3.0
2025-04-13 13:00:00,EPL,Chelsea,Ipswich,2.90758,1.60301,1.60301,2.90758,2,2,draw,2.0,3.5,3.0
2025-04-13 15:30:00,EPL,Newcastle United,Manchester United,2.6383,0.786568,0.786568,2.6383,4,1,home,2.0,3.5,3.0
2025-04-14 19:00:00,EPL,Bournemouth,Fulham,1.8577,1.07203,1.07203,1.8577,1,0,home,2.0,3.5,3.0
2025-04-16 18:30:00,EPL,Newcastle United,Crystal Palace,2.32947,2.37548,2.37548,2.32947,5,0,home,2.0,3.5,3.0
2025-04-19 14:00:00,EPL,Brentford,Brighton,2.95516,1.24107,1.24107,2.95516,4,2,home,2.0,3.5,3.0
2025-04-19 14:00:00,EPL,Crystal Palace,Bournemouth,0.337818,0.664093,0.664093,0.337818,0,0,draw,2.0,3.5,3.0
2025-04-19 14:00:00,EPL,Everton,Manchester City,0.81683,1.87989,1.87989,0.81683,0,2,away,2.0,3.5,3.0
2025-04-19 14:00:00,EPL,West Ham,Southampton,0.98423,0.922877,0.922877,0.98423,1,1,draw,2.0,3.5,3.0
2025-04-19 16:30:00,EPL,Aston Villa,Newcastle United,3.05371,1.27176,1.27176,3.05371,4,1,home,2.0,3.5,3.0
2025-04-20 13:00:00,EPL,Ipswich,Arsenal,0.192879,2.81362,2.81362,0.192879,0,4,away,2.0,3.5,3.0
2025-04-20 13:00:00,EPL,Fulham,Chelsea,0.306122,0.75172,0.75172,0.306122,1,2,away,2.0,3.5,3.0
2025-04-20 13:00:00,EPL,Manchester United,Wolverhampton Wanderers,1.13966,0.187814,0.187814,1.13966,0,1,away,2.0,3.5,3.0
2025-04-20 15:30:00,EPL,Leicester,Liverpool,0.232205,4.52706,4.52706,0.232205,0,1,away,2.0,3.5,3.0
2025-04-21 19:00:00,EPL,Tottenham,Nottingham Forest,2.4024,0.557682,0.557682,2.4024,1,2,away,2.0,3.5,3.0
2025-04-22 19:00:00,EPL,Manchester City,Aston Villa,1.36232,1.85906,1.85906,1.36232,2,1,home,2.0,3.5,3.0
2025-04-23 19:00:00,EPL,Arsenal,Crystal Palace,1.92149,2.50515,2.50515,1.92149,2,2,draw,2.0,3.5,3.0
2025-04-26 11:30:00,EPL,Chelsea,Everton,0.768313,0.916838,0.916838,0.768313,1,0,home,2.0,3.5,3.0
2025-04-26 14:00:00,EPL,Brighton,West Ham,1.29433,1.24134,1.24134,1.29433,3,2,home,2.0,3.5,3.0
2025-04-26 14:00:00,EPL,Newcastle United,Ipswich,4.11539,0.127203,0.127203,4.11539,3,0,home,2.0,3.5,3.0
2025-04-26 14:00:00,EPL,Southampton,Fulham,0.935581,1.9956,1.9956,0.935581,1,2,away,2.0,3.5,3.0
2025-04-26 14:00:00,EPL,Wolverhampton Wanderers,Leicester,2.57666,1.04978,1.04978,2.57666,3,0,home,2.0,3.5,3.0
2025-04-27 13:00:00,EPL,Bournemouth,Manchester United,0.60995,1.91039,1.91039,0.60995,1,1,draw,2.0,3.5,3.0
2025-04-27 15:30:00,EPL,Liverpool,Tottenham,2.51104,0.512812,0.512812,2.51104,5,1,home,2.0,3.5,3.0
2025-05-01 18:30:00,EPL,Nottingham Forest,Brentford,0.670607,1.52054,1.52054,0.670607,0,2,away,2.0,3.5,3.0
2025-05-02 19:00:00,EPL,Manchester City,Wolverhampton Wanderers,0.859463,0.622455,0.622455,0.859463,1,0,home,2.0,3.5,3.0
2025-05-03 11:30:00,EPL,Aston Villa,Fulham,1.29013,0.702787,0.702787,1.29013,1,0,home,2.0,3.5,3.0
2025-05-03 14:00:00,EPL,Everton,Ipswich,0.808481,1.14351,1.14351,0.808481,2,2,draw,2.0,3.5,3.0
2025-05-03 14:00:00,EPL,Leicester,Southampton,1.60739,0.550774,0.550774,1.60739,2,0,home,2.0,3.5,3.0
2025-05-03 16:30:00,EPL,Arsenal,Bournemouth,2.05484,1.41783,1.41783,2.05484,1,2,away,2.0,3.5,3.0
2025-05-04 13:00:00,EPL,West Ham,Tottenham,1.15166,0.847022,0.847022,1.15166,1,1,draw,2.0,3.5,3.0
2025-05-04 13:00:00,EPL,Brighton,Newcastle United,0.687863,1.63777,1.63777,0.687863,1,1,draw,2.0,3.5,3.0
2025-05-04 13:00:00,EPL,Brentford,Manchester United,3.58737,1.13404,1.13404,3.58737,4,3,home,2.0,3.5,3.0
2025-05-04 15:30:00,EPL,Chelsea,Liverpool,3.51944,1.4267,1.4267,3.51944,3,1,home,2.0,3.5,3.0
2025-05-05 19:00:00,EPL,Crystal Palace,Nottingham Forest,2.34037,0.63684,0.63684,2.34037,1,1,draw,2.0,3.5,3.0
2025-05-10 14:00:00,EPL,Wolverhampton Wanderers,Brighton,0.73395,1.41254,1.41254,0.73395,0,2,away,2.0,3.5,3.0
2025-05-10 14:00:00,EPL,Southampton,Manchester City,0.136995,1.58463,1.58463,0.136995,0,0,draw,2.0,3.5,3.0
2025-05-10 14:00:00,EPL,Fulham,Everton,1.20869,1.32604,1.32604,1.20869,1,3,away,2.0,3.5,3.0
2025-05-10 14:00:00,EPL,Ipswich,Brentford,0.717433,1.32077,1.32077,0.717433,0,1,away,2.0,3.5,3.0
2025-05-10 16:30:00,EPL,Bournemouth,Aston Villa,1.02272,1.12376,1.12376,1.02272,0,1,away,2.0,3.5,3.0
2025-05-11 11:00:00,EPL,Newcastle United,Chelsea,1.6703,0.646426,0.646426,1.6703,2,0,home,2.0,3.5,3.0
2025-05-11 13:15:00,EPL,Manchester United,West Ham,2.31287,2.15985,2.15985,2.31287,0,2,away,2.0,3.5,3.0
2025-05-11 13:15:00,EPL,Nottingham Forest,Leicester,1.76909,1.22949,1.22949,1.76909,2,2,draw,2.0,3.5,3.0
2025-05-11 13:15:00,EPL,Tottenham,Crystal Palace,0.806792,3.98546,3.98546,0.806792,0,2,away,2.0,3.5,3.0
2025-05-11 15:30:00,EPL,Liverpool,Arsenal,2.74682,2.18795,2.18795,2.74682,2,2,draw,2.0,3.5,3.0
2025-05-16 18:30:00,EPL,Aston Villa,Tottenham,1.69061,0.523016,0.523016,1.69061,2,0,home,2.0,3.5,3.0
2025-05-16 19:15:00,EPL,Chelsea,Manchester United,1.29571,0.337632,0.337632,1.29571,1,0,home,2.0,3.5,3.0
2025-05-18 11:00:00,EPL,Everton,Southampton,2.67793,1.05025,1.05025,2.67793,2,0,home,2.0,3.5,3.0
2025-05-18 13:15:00,EPL,West Ham,Nottingham Forest,0.850457,2.14756,2.14756,0.850457,1,2,away,2.0,3.5,3.0
2025-05-18 14:00:00,EPL,Brentford,Fulham,2.43045,1.61741,1.61741,2.43045,2,3,away,2.0,3.5,3.0
2025-05-18 14:00:00,EPL,Leicester,Ipswich,0.788544,1.36957,1.36957,0.788544,2,0,home,2.0,3.5,3.0
2025-05-18 15:30:00,EPL,Arsenal,Newcastle United,1.15958,2.24634,2.24634,1.15958,1,0,home,2.0,3.5,3.0
2025-05-19 19:00:00,EPL,Brighton,Liverpool,2.17789,3.065,3.065,2.17789,3,2,home,2.0,3.5,3.0
2025-05-20 19:00:00,EPL,Crystal Palace,Wolverhampton Wanderers,1.68451,1.42886,1.42886,1.68451,4,2,home,2.0,3.5,3.0
2025-05-20 19:00:00,EPL,Manchester City,Bournemouth,1.59779,0.962014,0.962014,1.59779,3,1,home,2.0,3.5,3.0
2025-05-25 15:00:00,EPL,Wolverhampton Wanderers,Brentford,1.10889,1.97196,1.97196,1.10889,1,1,draw,2.0,3.5,3.0
2025-05-25 15:00:00,EPL,Southampton,Arsenal,0.598144,2.40711,2.40711,0.598144,1,2,away,2.0,3.5,3.0
2025-05-25 15:00:00,EPL,Bournemouth,Leicester,2.72449,0.156702,0.156702,2.72449,2,0,home,2.0,3.5,3.0
2025-05-25 15:00:00,EPL,Tottenham,Brighton,1.85265,3.11624,3.11624,1.85265,1,4,away,2.0,3.5,3.0
2025-05-25 15:00:00,EPL,Ipswich,West Ham,0.893095,0.967379,0.967379,0.893095,1,3,away,2.0,3.5,3.0
2025-05-25 15:00:00,EPL,Manchester United,Aston Villa,2.96259,0.335222,0.335222,2.96259,2,0,home,2.0,3.5,3.0
2025-05-25 15:00:00,EPL,Newcastle United,Everton,1.1591,1.07279,1.07279,1.1591,0,1,away,2.0,3.5,3.0
2025-05-25 15:00:00,EPL,Nottingham Forest,Chelsea,1.58014,1.30874,1.30874,1.58014,0,1,away,2.0,3.5,3.0
2025-05-25 15:00:00,EPL,Liverpool,Crystal Palace,1.92122,1.4144,1.4144,1.92122,1,1,draw,2.0,3.5,3.0
2025-05-25 15:00:00,EPL,Fulham,Manchester City,2.21797,2.45923,2.45923,2.21797,0,2,away,2.0,3.5,3.0
